asset,hz,thr_bps,pca_dim,k,perm_best_ratio,perm_p,null_ratio_p50,null_ratio_p95,null_ratio_p99,n_perm,bh_q,above_null_p95,above_null_p99
btc,15s,10,150,10,1.058,0.2398,1.037,1.101,1.149,1000,0.38687999999999995,False,False
btc,15s,15,150,10,1.347,0.032,1.106,1.305,1.411,1000,0.11568539325842699,True,False
btc,15s,20,150,10,2.887,0.003,1.2,1.714,2.142,1000,0.019914893617021277,True,True
btc,15s,30,150,10,1.523,0.4625,1.497,2.31,2.798,1000,0.5818548387096775,False,False
btc,1s,10,150,6,0.957,0.7293,1.025,1.317,1.428,1000,0.7792520547945205,False,False
btc,30s,10,150,10,1.002,0.6264,1.006,1.05,1.075,1000,0.7030100719424459,False,False
btc,30s,15,150,10,1.012,0.8621,1.036,1.145,1.206,1000,0.902601342281879,False,False
btc,30s,20,150,10,1.606,0.003,1.062,1.297,1.434,1000,0.019914893617021277,True,True
btc,30s,30,150,10,8.479,0.001,1.223,1.823,2.305,1000,0.008432432432432432,True,True
btc,30s,40,150,10,2.397,0.001,1.185,1.59,1.841,1000,0.008432432432432432,True,True
btc,5s,10,150,10,1.134,0.2887,1.095,1.272,1.461,1000,0.430977990430622,False,False
btc,5s,15,150,10,6.039,0.001,1.231,1.912,2.637,1000,0.008432432432432432,True,True
btc,5s,20,150,6,1.727,0.03,1.245,1.61,1.945,1000,0.11277108433734939,True,False
eth,15s,10,150,10,1.003,0.5864,1.011,1.21,1.295,1000,0.6758857142857143,False,False
eth,15s,15,150,10,1.075,0.4336,1.057,1.55,1.891,1000,0.5673439330543933,False,False
eth,15s,20,150,10,1.225,0.008,1.041,1.143,1.211,1000,0.043789473684210524,True,True
eth,15s,30,150,10,1.13,0.5694,1.149,1.732,2.171,1000,0.6653662921348316,False,False
eth,15s,40,150,10,3.681,0.001,1.341,1.961,2.49,1000,0.008432432432432432,True,True
eth,1s,10,150,10,0.923,0.9191,1.008,1.259,1.408,1000,0.9495337748344371,False,False
eth,1s,15,150,6,1.095,0.2537,1.033,1.218,1.317,1000,0.39577199999999996,False,False
eth,30s,10,150,10,1.006,0.6454,1.019,1.213,1.324,1000,0.7140595744680851,False,False
eth,30s,15,150,10,1.048,0.4496,1.036,1.423,1.582,1000,0.5766315789473684,False,False
eth,30s,20,150,10,1.17,0.3257,1.072,1.714,2.257,1000,0.4675706422018348,False,False
eth,30s,30,150,10,1.026,0.7832,1.076,1.295,1.43,1000,0.8283335593220339,False,False
eth,30s,40,150,10,1.016,0.989,1.185,1.596,1.914,1000,0.9953806451612903,False,False
eth,5s,10,150,10,1.356,0.1888,1.092,1.813,2.422,1000,0.34726956521739133,False,False
eth,5s,15,150,10,1.189,0.2028,1.115,1.316,1.449,1000,0.34726956521739133,False,False
eth,5s,20,150,10,1.951,0.022,1.243,1.749,2.167,1000,0.09533333333333333,True,False
btc,15s,10,150,6,1.136,0.1089,0.847,1.213,1.29,1000,0.231134693877551,False,False
btc,15s,15,150,6,3.024,0.001,1.336,1.481,1.581,1000,0.008432432432432432,True,True
btc,15s,20,150,6,2.932,0.027,1.544,2.456,3.639,1000,0.10529999999999999,True,False
btc,15s,30,150,6,12.085,0.001,1.697,2.696,3.493,1000,0.008432432432432432,True,True
btc,30s,10,150,6,0.974,0.0629,0.913,0.98,1.081,1000,0.173670796460177,False,False
btc,30s,15,150,6,1.02,0.0649,0.891,1.041,1.196,1000,0.17762105263157893,False,False
btc,30s,20,150,6,1.348,0.01,0.917,1.162,1.324,1000,0.049523809523809526,True,True
btc,30s,30,150,6,2.097,0.001,1.1,1.419,1.674,1000,0.008432432432432432,True,True
btc,30s,40,150,6,0.766,0.982,1.018,2.01,3.173,1000,0.9915339805825243,False,False
btc,5s,10,150,6,1.374,0.2278,1.063,2.024,2.56,1000,0.3780510638297872,False,False
btc,5s,15,150,6,0.787,0.4545,0.779,1.539,1.765,1000,0.5766315789473684,False,False
eth,15s,10,150,6,1.314,0.033,0.903,1.245,1.387,1000,0.11568539325842699,True,False
eth,15s,15,150,6,1.25,0.025,0.863,1.114,1.302,1000,0.10400000000000001,True,False
eth,15s,20,150,6,1.078,0.1938,0.851,1.329,1.449,1000,0.34726956521739133,False,False
eth,15s,30,150,6,1.867,0.001,0.76,1.452,1.592,1000,0.008432432432432432,True,True
eth,15s,40,150,6,3.284,0.022,1.523,2.648,3.671,1000,0.09533333333333333,True,False
eth,1s,10,150,6,1.012,0.3786,0.961,1.435,1.705,1000,0.5113558441558441,False,False
eth,30s,10,150,6,1.06,0.0629,0.893,1.087,1.23,1000,0.173670796460177,False,False
eth,30s,15,150,6,1.229,0.1049,0.897,1.353,1.555,1000,0.22416986301369862,False,False
eth,30s,20,150,6,3.322,0.001,0.945,1.507,1.795,1000,0.008432432432432432,True,True
eth,30s,30,150,6,1.235,0.002,0.918,1.007,1.149,1000,0.01521951219512195,True,True
eth,30s,40,150,6,1.184,0.2498,0.967,1.823,2.401,1000,0.39362424242424243,False,False
eth,5s,10,150,6,0.994,0.0569,0.906,0.998,1.092,1000,0.17070000000000002,False,False
eth,5s,15,150,6,1.293,0.0889,0.901,1.397,1.635,1000,0.2054577777777778,False,False
eth,5s,20,150,6,1.398,0.2907,1.045,2.464,3.498,1000,0.43189714285714287,False,False
btc,15s,10,150,8,1.036,0.3307,1.027,1.09,1.133,1000,0.4711342465753425,False,False
btc,15s,15,150,8,1.13,0.2418,1.096,1.213,1.287,1000,0.38687999999999995,False,False
btc,15s,20,150,8,1.225,0.1568,1.104,1.311,1.484,1000,0.30768301886792454,False,False
btc,15s,30,150,8,1.661,0.2128,1.429,2.077,2.535,1000,0.35888432432432427,False,False
btc,30s,10,150,8,1.076,0.03,1.019,1.065,1.088,1000,0.11277108433734939,True,False
btc,30s,15,150,8,1.104,0.2777,1.09,1.173,1.226,1000,0.4226458536585366,False,False
btc,30s,20,150,8,1.289,0.2018,1.145,1.613,1.949,1000,0.34726956521739133,False,False
btc,30s,30,150,8,3.838,0.001,1.371,1.893,2.231,1000,0.008432432432432432,True,True
btc,30s,40,150,8,4.802,0.001,1.547,2.393,2.877,1000,0.008432432432432432,True,True
btc,5s,10,150,8,1.106,0.5884,1.134,1.791,2.376,1000,0.6758857142857143,False,False
btc,5s,15,150,8,1.447,0.1518,1.23,1.657,2.006,1000,0.3036,False,False
eth,15s,10,150,8,0.994,0.6354,1.009,1.21,1.295,1000,0.7080171428571429,False,False
eth,15s,15,150,8,1.238,0.1978,1.047,1.55,1.891,1000,0.34726956521739133,False,False
eth,15s,20,150,8,1.264,0.007,1.027,1.134,1.206,1000,0.04044444444444445,True,True
eth,15s,30,150,8,1.107,0.4735,1.103,1.273,1.42,1000,0.5885737051792829,False,False
eth,15s,40,150,8,1.641,0.0729,1.216,1.746,2.212,1000,0.18594193548387097,False,False
eth,1s,10,150,8,0.903,0.7792,0.936,1.068,1.166,1000,0.8269061224489795,False,False
eth,30s,10,150,8,1.539,0.001,1.043,1.188,1.264,1000,0.008432432432432432,True,True
eth,30s,15,150,8,1.91,0.001,1.081,1.299,1.433,1000,0.008432432432432432,True,True
eth,30s,20,150,8,1.373,0.0739,1.085,1.434,1.663,1000,0.18594193548387097,False,False
eth,30s,30,150,8,1.111,0.2737,1.09,1.192,1.278,1000,0.4186,False,False
eth,30s,40,150,8,1.395,0.1578,1.227,1.62,1.952,1000,0.30771,False,False
eth,5s,10,150,8,1.321,0.2048,1.093,1.813,2.422,1000,0.34726956521739133,False,False
eth,5s,15,150,8,1.139,0.1548,1.084,1.183,1.282,1000,0.30568101265822784,False,False
eth,5s,20,150,8,1.161,0.3766,1.138,1.296,1.403,1000,0.5108660869565217,False,False
btc,15s,10,300,10,1.062,0.2028,1.037,1.103,1.154,1000,0.34726956521739133,False,False
btc,15s,15,300,10,1.098,0.6404,1.112,1.298,1.426,1000,0.7110491103202847,False,False
btc,15s,20,300,10,1.157,0.5375,1.166,1.638,2.036,1000,0.6424580152671755,False,False
btc,15s,30,300,10,2.253,0.0709,1.483,2.395,2.867,1000,0.18594193548387097,False,False
btc,1s,10,300,6,0.979,0.4336,0.965,1.226,1.388,1000,0.5673439330543933,False,False
btc,30s,10,300,10,1.002,0.6523,1.007,1.051,1.076,1000,0.7151915789473684,False,False
btc,30s,15,300,10,1.024,0.5395,1.027,1.099,1.167,1000,0.6424580152671755,False,False
btc,30s,20,300,10,1.065,0.3536,1.046,1.187,1.27,1000,0.49402270742358073,False,False
btc,30s,30,300,10,8.479,0.001,1.192,1.805,2.305,1000,0.008432432432432432,True,True
btc,30s,40,300,10,1.619,0.038,1.145,1.528,1.802,1000,0.1288695652173913,True,False
btc,5s,10,300,10,1.191,0.1259,1.09,1.278,1.435,1000,0.26362953020134233,False,False
btc,5s,15,300,10,2.008,0.024,1.234,1.821,2.285,1000,0.10118918918918919,True,False
btc,5s,20,300,6,1.752,0.0569,1.253,1.781,2.294,1000,0.17070000000000002,False,False
eth,15s,10,300,10,1.003,0.5874,1.011,1.21,1.295,1000,0.6758857142857143,False,False
eth,15s,15,300,10,1.038,0.6334,1.069,1.55,1.891,1000,0.7080171428571429,False,False
eth,15s,20,300,10,1.109,0.1958,1.054,1.182,1.253,1000,0.34726956521739133,False,False
eth,15s,30,300,10,1.195,0.3826,1.156,1.768,2.208,1000,0.5145310344827586,False,False
eth,15s,40,300,10,3.026,0.002,1.396,2.045,2.48,1000,0.01521951219512195,True,True
eth,1s,10,300,10,1.209,0.2697,1.057,1.7,2.137,1000,0.4145142857142857,False,False
eth,1s,15,300,6,1.466,0.0959,1.047,1.649,2.093,1000,0.21681739130434782,False,False
eth,30s,10,300,10,1.004,0.6963,1.018,1.213,1.324,1000,0.7527944636678201,False,False
eth,30s,15,300,10,1.046,0.4535,1.037,1.423,1.582,1000,0.5766315789473684,False,False
eth,30s,20,300,10,1.17,0.3247,1.07,1.714,2.257,1000,0.4675706422018348,False,False
eth,30s,30,300,10,1.182,0.2877,1.11,1.375,1.557,1000,0.430977990430622,False,False
eth,30s,40,300,10,1.06,0.9071,1.187,1.769,2.293,1000,0.9402498338870432,False,False
eth,5s,10,300,10,1.356,0.1888,1.092,1.813,2.422,1000,0.34726956521739133,False,False
eth,5s,15,300,10,1.438,0.1888,1.172,1.865,2.323,1000,0.34726956521739133,False,False
eth,5s,20,300,10,1.429,0.1538,1.241,1.668,1.964,1000,0.3056407643312102,False,False
btc,15s,10,300,6,1.178,0.0719,0.847,1.211,1.311,1000,0.18594193548387097,False,False
btc,15s,15,300,6,1.137,0.9371,1.339,1.538,1.663,1000,0.9554745098039216,False,False
btc,15s,20,300,6,2.932,0.027,1.542,2.456,3.639,1000,0.10529999999999999,True,False
btc,15s,30,300,6,3.018,0.049,1.765,2.954,3.942,1000,0.156,True,False
btc,30s,10,300,6,0.977,0.0529,0.913,0.977,1.047,1000,0.16341386138613861,False,False
btc,30s,15,300,6,0.957,0.1518,0.893,1.064,1.2,1000,0.3036,False,False
btc,30s,20,300,6,1.359,0.009,0.918,1.162,1.324,1000,0.0460327868852459,True,True
btc,30s,30,300,6,2.732,0.001,1.09,1.259,1.395,1000,0.008432432432432432,True,True
btc,30s,40,300,6,0.782,0.965,1.066,2.284,3.196,1000,0.9775324675324675,False,False
btc,5s,10,300,6,1.32,0.0609,0.92,1.341,1.528,1000,0.173670796460177,False,False
btc,5s,15,300,6,1.776,0.021,0.788,1.614,1.939,1000,0.09495652173913044,True,False
eth,15s,10,300,6,1.314,0.033,0.903,1.245,1.387,1000,0.11568539325842699,True,False
eth,15s,15,300,6,1.268,0.2018,0.93,1.688,2.137,1000,0.34726956521739133,False,False
eth,15s,20,300,6,1.009,0.0879,0.828,1.191,1.307,1000,0.2054577777777778,False,False
eth,15s,30,300,6,1.023,0.4855,0.992,2.206,3.03,1000,0.5963622047244095,False,False
eth,15s,40,300,6,4.857,0.003,1.561,2.927,3.872,1000,0.019914893617021277,True,True
eth,1s,10,300,6,1.029,0.3067,0.957,1.4,1.658,1000,0.44715140186915886,False,False
eth,30s,10,300,6,1.06,0.0629,0.893,1.087,1.23,1000,0.173670796460177,False,False
eth,30s,15,300,6,1.229,0.1049,0.897,1.353,1.555,1000,0.22416986301369862,False,False
eth,30s,20,300,6,3.322,0.001,0.945,1.507,1.795,1000,0.008432432432432432,True,True
eth,30s,30,300,6,1.005,0.4565,0.962,1.743,2.392,1000,0.5766315789473684,False,False
eth,30s,40,300,6,1.137,0.2867,0.962,1.823,2.401,1000,0.430977990430622,False,False
eth,5s,10,300,6,0.99,0.0579,0.906,0.997,1.096,1000,0.1720457142857143,False,False
eth,5s,15,300,6,1.094,0.032,0.855,0.959,1.228,1000,0.11568539325842699,True,False
eth,5s,20,300,6,1.415,0.019,0.789,1.216,1.485,1000,0.0871764705882353,True,False
btc,15s,10,300,8,1.032,0.3896,1.026,1.09,1.129,1000,0.5216961373390558,False,False
btc,15s,15,300,8,2.028,0.006,1.11,1.461,1.768,1000,0.03532075471698114,True,True
btc,15s,20,300,8,2.859,0.002,1.129,1.595,2.026,1000,0.01521951219512195,True,True
btc,15s,30,300,8,1.581,0.3267,1.469,2.207,2.759,1000,0.4675706422018348,False,False
btc,30s,10,300,8,1.079,0.026,1.019,1.065,1.091,1000,0.10529999999999999,True,False
btc,30s,15,300,8,1.093,0.4545,1.091,1.161,1.213,1000,0.5766315789473684,False,False
btc,30s,20,300,8,1.287,0.2038,1.142,1.613,1.949,1000,0.34726956521739133,False,False
btc,30s,30,300,8,8.164,0.001,1.361,1.998,2.349,1000,0.008432432432432432,True,True
btc,30s,40,300,8,4.802,0.001,1.52,2.127,2.525,1000,0.008432432432432432,True,True
btc,5s,10,300,8,1.123,0.5305,1.135,1.791,2.376,1000,0.6365999999999999,False,False
btc,5s,15,300,8,1.475,0.0599,1.201,1.5,1.69,1000,0.173670796460177,False,False
eth,15s,10,300,8,0.991,0.6863,1.008,1.21,1.295,1000,0.7460822299651568,False,False
eth,15s,15,300,8,1.042,0.4296,1.028,1.55,1.891,1000,0.5673439330543933,False,False
eth,15s,20,300,8,1.27,0.005,1.03,1.132,1.21,1000,0.031200000000000002,True,True
eth,15s,30,300,8,1.508,0.008,1.134,1.341,1.477,1000,0.043789473684210524,True,True
eth,15s,40,300,8,1.961,0.037,1.269,1.842,2.243,1000,0.12685714285714284,True,False
eth,1s,10,300,8,1.005,0.4755,0.993,1.721,2.218,1000,0.5887142857142857,False,False
eth,30s,10,300,8,1.539,0.001,1.044,1.188,1.264,1000,0.008432432432432432,True,True
eth,30s,15,300,8,1.91,0.001,1.081,1.299,1.433,1000,0.008432432432432432,True,True
eth,30s,20,300,8,1.373,0.0739,1.084,1.434,1.663,1000,0.18594193548387097,False,False
eth,30s,30,300,8,1.062,0.8811,1.09,1.191,1.265,1000,0.9163439999999999,False,False
eth,30s,40,300,8,1.247,0.4815,1.242,1.624,1.952,1000,0.5937865612648222,False,False
eth,5s,10,300,8,1.018,0.8711,1.067,1.813,2.422,1000,0.9089739130434783,False,False
eth,5s,15,300,8,1.257,0.05,1.087,1.254,1.395,1000,0.15600000000000003,True,False
eth,5s,20,300,8,1.133,0.5604,1.147,1.381,1.507,1000,0.6573112781954887,False,False
btc,15s,10,50,10,1.064,0.1928,1.037,1.1,1.15,1000,0.34726956521739133,False,False
btc,15s,15,50,10,2.467,0.006,1.129,1.635,2.096,1000,0.03532075471698114,True,True
btc,15s,20,50,10,1.18,0.4535,1.168,1.653,2.036,1000,0.5766315789473684,False,False
btc,15s,30,50,10,2.706,0.015,1.49,2.319,2.776,1000,0.07090909090909091,True,False
btc,1s,10,50,6,0.975,0.6533,1.014,1.282,1.414,1000,0.7151915789473684,False,False
btc,30s,10,50,10,1.005,0.5165,1.006,1.046,1.07,1000,0.6270350194552529,False,False
btc,30s,15,50,10,1.021,0.6004,1.027,1.097,1.156,1000,0.6836671532846715,False,False
btc,30s,20,50,10,1.17,0.0589,1.042,1.178,1.247,1000,0.17336603773584905,False,False
btc,30s,30,50,10,8.479,0.001,1.268,1.847,2.305,1000,0.008432432432432432,True,True
btc,30s,40,50,10,1.619,0.042,1.154,1.575,1.802,1000,0.13793684210526316,True,False
btc,5s,10,50,10,1.119,0.2957,1.087,1.256,1.402,1000,0.43724360189573463,False,False
btc,5s,15,50,10,2.444,0.003,1.24,1.757,2.188,1000,0.019914893617021277,True,True
btc,5s,20,50,6,2.072,0.011,1.238,1.598,2.026,1000,0.053625,True,True
eth,15s,10,50,10,1.003,0.5914,1.011,1.21,1.295,1000,0.6758857142857143,False,False
eth,15s,15,50,10,1.2,0.2398,1.053,1.55,1.891,1000,0.38687999999999995,False,False
eth,15s,20,50,10,1.059,0.5005,1.059,1.216,1.311,1000,0.6099843749999999,False,False
eth,15s,30,50,10,1.567,0.0879,1.173,1.738,2.171,1000,0.2054577777777778,False,False
eth,15s,40,50,10,2.144,0.022,1.308,1.946,2.402,1000,0.09533333333333333,True,False
eth,1s,10,50,10,0.983,0.7403,1.065,1.796,2.259,1000,0.7883058020477814,False,False
eth,1s,15,50,6,0.901,0.993,1.035,1.307,1.513,1000,0.996192926045016,False,False
eth,30s,10,50,10,1.002,0.7123,1.018,1.213,1.324,1000,0.766336551724138,False,False
eth,30s,15,50,10,1.052,0.4346,1.035,1.423,1.582,1000,0.5673439330543933,False,False
eth,30s,20,50,10,1.17,0.3207,1.072,1.714,2.257,1000,0.46538790697674415,False,False
eth,30s,30,50,10,3.337,0.001,1.147,1.802,2.312,1000,0.008432432432432432,True,True
eth,30s,40,50,10,1.048,0.9271,1.143,1.499,1.795,1000,0.9514973684210526,False,False
eth,5s,10,50,10,1.341,0.1938,1.097,1.813,2.422,1000,0.34726956521739133,False,False
eth,5s,15,50,10,1.438,0.1928,1.183,1.865,2.323,1000,0.34726956521739133,False,False
eth,5s,20,50,10,1.27,0.3596,1.212,1.644,1.909,1000,0.49402270742358073,False,False
btc,15s,10,50,6,1.139,0.1019,0.846,1.209,1.295,1000,0.22389295774647888,False,False
btc,15s,15,50,6,1.786,0.003,1.343,1.531,1.666,1000,0.019914893617021277,True,True
btc,15s,20,50,6,2.004,0.1019,1.539,2.438,3.649,1000,0.22389295774647888,False,False
btc,15s,30,50,6,2.332,0.1469,1.755,2.935,3.942,1000,0.30160000000000003,False,False
btc,30s,10,50,6,0.955,0.0979,0.913,0.975,1.047,1000,0.21817714285714285,False,False
btc,30s,15,50,6,0.945,0.1748,0.893,1.068,1.201,1000,0.33665185185185187,False,False
btc,30s,20,50,6,1.326,0.005,0.915,1.12,1.244,1000,0.031200000000000002,True,True
btc,30s,30,50,6,1.919,0.048,1.11,1.883,2.556,1000,0.1543917525773196,True,False
btc,30s,40,50,6,0.781,0.963,1.104,2.343,3.265,1000,0.9775324675324675,False,False
btc,5s,10,50,6,1.316,0.0679,0.924,1.341,1.507,1000,0.18421565217391303,False,False
btc,5s,15,50,6,1.015,0.1479,0.777,1.55,1.767,1000,0.30160000000000003,False,False
eth,15s,10,50,6,1.314,0.033,0.903,1.245,1.387,1000,0.11568539325842699,True,False
eth,15s,15,50,6,1.141,0.041,0.863,1.086,1.266,1000,0.13608510638297872,True,False
eth,15s,20,50,6,1.026,0.0889,0.827,1.194,1.288,1000,0.2054577777777778,False,False
eth,15s,30,50,6,2.166,0.0869,0.996,2.518,3.288,1000,0.2054577777777778,False,False
eth,15s,40,50,6,2.184,0.1469,1.514,2.749,3.702,1000,0.30160000000000003,False,False
eth,1s,10,50,6,0.994,0.2378,0.943,1.092,1.188,1000,0.38687999999999995,False,False
eth,30s,10,50,6,1.06,0.0629,0.893,1.087,1.23,1000,0.173670796460177,False,False
eth,30s,15,50,6,1.229,0.1049,0.897,1.353,1.555,1000,0.22416986301369862,False,False
eth,30s,20,50,6,3.322,0.001,0.982,1.507,1.795,1000,0.008432432432432432,True,True
eth,30s,30,50,6,0.989,0.2418,0.926,1.185,1.328,1000,0.38687999999999995,False,False
eth,30s,40,50,6,1.22,0.2328,0.966,1.823,2.401,1000,0.3843047619047619,False,False
eth,5s,10,50,6,1.122,0.05,0.913,1.12,1.27,1000,0.15600000000000003,True,False
eth,5s,15,50,6,1.226,0.019,0.858,1.075,1.268,1000,0.0871764705882353,True,False
eth,5s,20,50,6,1.4,0.043,0.817,1.362,1.579,1000,0.13974999999999999,True,False
btc,15s,10,50,8,1.038,0.2977,1.027,1.089,1.129,1000,0.4381245283018868,False,False
btc,15s,15,50,8,1.431,0.009,1.1,1.304,1.425,1000,0.0460327868852459,True,True
btc,15s,20,50,8,2.859,0.002,1.126,1.595,2.026,1000,0.01521951219512195,True,True
btc,15s,30,50,8,3.086,0.006,1.481,2.319,2.776,1000,0.03532075471698114,True,True
btc,30s,10,50,8,1.079,0.026,1.019,1.063,1.087,1000,0.10529999999999999,True,False
btc,30s,15,50,8,1.12,0.1479,1.09,1.167,1.223,1000,0.30160000000000003,False,False
btc,30s,20,50,8,3.06,0.001,1.136,1.423,1.609,1000,0.008432432432432432,True,True
btc,30s,30,50,8,3.838,0.001,1.329,1.834,2.231,1000,0.008432432432432432,True,True
btc,30s,40,50,8,17.249,0.001,1.552,2.346,2.908,1000,0.008432432432432432,True,True
btc,5s,10,50,8,1.12,0.4695,1.113,1.365,1.559,1000,0.5882891566265059,False,False
btc,5s,15,50,8,1.471,0.0859,1.218,1.566,1.844,1000,0.2054577777777778,False,False
eth,15s,10,50,8,0.996,0.6064,1.007,1.21,1.295,1000,0.6879883636363637,False,False
eth,15s,15,50,8,1.24,0.1948,1.046,1.55,1.891,1000,0.34726956521739133,False,False
eth,15s,20,50,8,1.246,0.008,1.031,1.132,1.212,1000,0.043789473684210524,True,True
eth,15s,30,50,8,1.01,0.998,1.125,1.732,2.171,1000,0.9979999999999999,False,False
eth,15s,40,50,8,2.833,0.003,1.25,1.734,2.217,1000,0.019914893617021277,True,True
eth,1s,10,50,8,1.008,0.4156,0.982,1.432,1.744,1000,0.5517753191489362,False,False
eth,30s,10,50,8,1.539,0.001,1.038,1.188,1.264,1000,0.008432432432432432,True,True
eth,30s,15,50,8,1.91,0.001,1.08,1.299,1.433,1000,0.008432432432432432,True,True
eth,30s,20,50,8,1.373,0.0739,1.083,1.434,1.663,1000,0.18594193548387097,False,False
eth,30s,30,50,8,1.179,0.0779,1.089,1.195,1.28,1000,0.1944384,False,False
eth,30s,40,50,8,1.352,0.1878,1.222,1.615,1.952,1000,0.34726956521739133,False,False
eth,5s,10,50,8,1.383,0.1768,1.086,1.813,2.422,1000,0.3384147239263804,False,False
eth,5s,15,50,8,1.225,0.0689,1.086,1.257,1.402,1000,0.18531724137931035,False,False
eth,5s,20,50,8,1.173,0.5295,1.182,1.591,1.866,1000,0.6365999999999999,False,False
btc,15s,10,600,10,1.054,0.2667,1.036,1.101,1.152,1000,0.4119326732673267,False,False
btc,15s,15,600,10,1.146,0.2368,1.103,1.252,1.342,1000,0.38687999999999995,False,False
btc,15s,20,600,10,1.074,0.8342,1.171,1.653,2.036,1000,0.8792918918918918,False,False
btc,15s,30,600,10,1.492,0.4955,1.489,2.208,2.759,1000,0.6062588235294117,False,False
btc,1s,10,600,6,0.958,0.5285,0.967,1.239,1.36,1000,0.6365999999999999,False,False
btc,30s,10,600,10,1.003,0.6104,1.006,1.05,1.075,1000,0.6900173913043479,False,False
btc,30s,15,600,10,1.025,0.5445,1.027,1.098,1.166,1000,0.6446818181818181,False,False
btc,30s,20,600,10,1.252,0.012,1.042,1.17,1.253,1000,0.057600000000000005,True,False
btc,30s,30,600,10,8.479,0.001,1.243,1.848,2.305,1000,0.008432432432432432,True,True
btc,30s,40,600,10,1.619,0.0809,1.181,1.716,2.085,1000,0.19719375,False,False
btc,5s,10,600,10,1.111,0.3586,1.089,1.285,1.472,1000,0.49402270742358073,False,False
btc,5s,15,600,10,1.192,0.3407,1.15,1.352,1.506,1000,0.48317454545454547,False,False
btc,5s,20,600,6,1.515,0.0799,1.2,1.615,1.917,1000,0.19628976377952756,False,False
eth,15s,10,600,10,1.004,0.5804,1.011,1.21,1.295,1000,0.675689552238806,False,False
eth,15s,15,600,10,1.239,0.1988,1.053,1.55,1.891,1000,0.34726956521739133,False,False
eth,15s,20,600,10,1.226,0.041,1.056,1.214,1.31,1000,0.13608510638297872,True,False
eth,15s,30,600,10,1.465,0.1239,1.168,1.732,2.171,1000,0.2611945945945946,False,False
eth,15s,40,600,10,2.411,0.009,1.318,1.839,2.34,1000,0.0460327868852459,True,True
eth,1s,10,600,10,0.909,0.9241,0.976,1.126,1.222,1000,0.9514973684210526,False,False
eth,1s,15,600,6,1.03,0.5455,1.041,1.328,1.567,1000,0.6446818181818181,False,False
eth,30s,10,600,10,1.005,0.6743,1.018,1.213,1.324,1000,0.7355999999999999,False,False
eth,30s,15,600,10,1.043,0.4715,1.035,1.423,1.582,1000,0.5884320000000001,False,False
eth,30s,20,600,10,1.17,0.3546,1.102,1.714,2.257,1000,0.49402270742358073,False,False
eth,30s,30,600,10,1.383,0.2278,1.154,2.02,2.665,1000,0.3780510638297872,False,False
eth,30s,40,600,10,1.056,0.9321,1.19,1.737,2.29,1000,0.9534924590163935,False,False
eth,5s,10,600,10,1.354,0.1888,1.093,1.813,2.422,1000,0.34726956521739133,False,False
eth,5s,15,600,10,1.193,0.2837,1.129,1.418,1.579,1000,0.4296815533980583,False,False
eth,5s,20,600,10,1.226,0.2028,1.16,1.318,1.426,1000,0.34726956521739133,False,False
btc,15s,10,600,6,1.143,0.0949,0.846,1.217,1.289,1000,0.21612262773722626,False,False
btc,15s,15,600,6,1.558,0.009,1.337,1.454,1.54,1000,0.0460327868852459,True,True
btc,15s,20,600,6,2.932,0.027,1.546,2.456,3.639,1000,0.10529999999999999,True,False
btc,15s,30,600,6,2.722,0.0839,1.774,3.061,3.966,1000,0.20292093023255814,False,False
btc,30s,10,600,6,0.978,0.0539,0.913,0.981,1.089,1000,0.16487058823529413,False,False
btc,30s,15,600,6,0.957,0.1518,0.893,1.064,1.2,1000,0.3036,False,False
btc,30s,20,600,6,1.346,0.01,0.918,1.155,1.324,1000,0.049523809523809526,True,True
btc,30s,30,600,6,1.331,0.3027,1.143,1.953,2.611,1000,0.4433915492957747,False,False
btc,30s,40,600,6,5.715,0.001,1.041,2.291,3.265,1000,0.008432432432432432,True,True
btc,5s,10,600,6,1.374,0.2268,1.051,2.024,2.56,1000,0.3780510638297872,False,False
btc,5s,15,600,6,0.767,0.5914,0.779,1.52,1.741,1000,0.6758857142857143,False,False
eth,15s,10,600,6,1.314,0.033,0.903,1.245,1.387,1000,0.11568539325842699,True,False
eth,15s,15,600,6,1.035,0.3956,0.935,1.688,2.137,1000,0.5274666666666666,False,False
eth,15s,20,600,6,0.999,0.0939,0.827,1.199,1.303,1000,0.21541764705882352,False,False
eth,15s,30,600,6,1.844,0.0969,1.082,2.206,3.03,1000,0.2175021582733813,False,False
eth,15s,40,600,6,8.854,0.001,1.498,2.653,3.42,1000,0.008432432432432432,True,True
eth,1s,10,600,6,1.018,0.3616,0.979,1.33,1.599,1000,0.49402270742358073,False,False
eth,30s,10,600,6,1.06,0.0629,0.893,1.087,1.23,1000,0.173670796460177,False,False
eth,30s,15,600,6,1.229,0.1049,0.897,1.353,1.555,1000,0.22416986301369862,False,False
eth,30s,20,600,6,1.244,0.004,0.903,1.01,1.128,1000,0.026,True,True
eth,30s,30,600,6,1.103,0.3536,0.962,1.743,2.392,1000,0.49402270742358073,False,False
eth,30s,40,600,6,1.168,0.2597,0.968,1.823,2.401,1000,0.4031164179104477,False,False
eth,5s,10,600,6,1.003,0.4525,0.956,2.05,2.617,1000,0.5766315789473684,False,False
eth,5s,15,600,6,1.299,0.0719,0.897,1.362,1.637,1000,0.18594193548387097,False,False
eth,5s,20,600,6,0.78,0.8462,0.905,1.728,2.088,1000,0.8889373737373736,False,False
btc,15s,10,600,8,1.034,0.3626,1.026,1.093,1.133,1000,0.49402270742358073,False,False
btc,15s,15,600,8,1.15,0.2498,1.099,1.29,1.412,1000,0.39362424242424243,False,False
btc,15s,20,600,8,1.16,0.3606,1.111,1.629,2.036,1000,0.49402270742358073,False,False
btc,15s,30,600,8,2.596,0.036,1.55,2.47,3.03,1000,0.1248,True,False
btc,30s,10,600,8,1.08,0.024,1.019,1.065,1.093,1000,0.10118918918918919,True,False
btc,30s,15,600,8,1.118,0.1638,1.089,1.166,1.225,1000,0.31742608695652175,False,False
btc,30s,20,600,8,3.06,0.001,1.137,1.424,1.609,1000,0.008432432432432432,True,True
btc,30s,30,600,8,1.455,0.1948,1.326,1.644,1.893,1000,0.34726956521739133,False,False
btc,30s,40,600,8,5.904,0.001,1.58,2.173,2.526,1000,0.008432432432432432,True,True
btc,5s,10,600,8,1.099,0.5554,1.11,1.365,1.559,1000,0.6539049056603773,False,False
btc,5s,15,600,8,1.363,0.0789,1.21,1.396,1.547,1000,0.19537142857142856,False,False
eth,15s,10,600,8,0.993,0.6513,1.008,1.21,1.295,1000,0.7151915789473684,False,False
eth,15s,15,600,8,1.049,0.4565,1.039,1.55,1.891,1000,0.5766315789473684,False,False
eth,15s,20,600,8,1.043,0.3556,1.029,1.137,1.197,1000,0.49402270742358073,False,False
eth,15s,30,600,8,1.079,0.7203,1.12,1.726,2.286,1000,0.7722804123711341,False,False
eth,15s,40,600,8,3.415,0.001,1.344,2.02,2.402,1000,0.008432432432432432,True,True
eth,1s,10,600,8,0.988,0.6134,1.018,1.412,1.688,1000,0.6909054151624549,False,False
eth,30s,10,600,8,1.539,0.001,1.038,1.188,1.264,1000,0.008432432432432432,True,True
eth,30s,15,600,8,1.91,0.001,1.081,1.299,1.433,1000,0.008432432432432432,True,True
eth,30s,20,600,8,1.373,0.0739,1.085,1.434,1.663,1000,0.18594193548387097,False,False
eth,30s,30,600,8,1.193,0.2498,1.117,1.432,1.592,1000,0.39362424242424243,False,False
eth,30s,40,600,8,1.298,0.2517,1.222,1.615,1.952,1000,0.3946251256281407,False,False
eth,5s,10,600,8,1.037,0.6973,1.067,1.813,2.422,1000,0.7527944636678201,False,False
eth,5s,15,600,8,1.306,0.028,1.086,1.255,1.408,1000,0.10785185185185187,True,False
eth,5s,20,600,8,1.62,0.001,1.139,1.277,1.388,1000,0.008432432432432432,True,True
