asset,hz,thr_bps,pca_dim,k,n_clusters,n_reversal,n_continuation,best_mfe_mae_ratio,best_ratio_mfe_lift,best_ratio_n,mean_mfe_mae_ratio,perm_p,is_final_retained
btc,15s,10,50,6,6,5,1,1.139,1.42,9599,0.8645,0.1019,False
btc,15s,10,50,8,8,6,2,1.038,1.029,8261,0.9916,0.2977,False
btc,15s,10,50,10,10,7,3,1.064,1.063,5491,0.9795,0.1928,False
btc,15s,10,150,6,6,5,1,1.136,1.422,9494,0.8573,0.1089,False
btc,15s,10,150,8,8,6,2,1.036,1.033,6940,0.9918,0.3307,False
btc,15s,10,150,10,10,7,3,1.058,1.063,5411,0.9756,0.2398,False
btc,15s,10,300,6,6,5,1,1.178,1.479,10080,0.8872,0.0719,False
btc,15s,10,300,8,8,6,2,1.032,1.032,6935,0.9914,0.3896,False
btc,15s,10,300,10,10,7,3,1.062,1.063,5405,0.9803,0.2028,False
btc,15s,10,600,6,6,5,1,1.143,1.432,9492,0.8797,0.0949,False
btc,15s,10,600,8,8,6,2,1.034,1.027,8252,0.9902,0.3626,False
btc,15s,10,600,10,10,7,3,1.054,1.06,5394,0.9777,0.2667,False
btc,15s,15,50,6,6,3,3,1.786,0.726,350,1.0325,0.003,False
btc,15s,15,50,8,8,5,3,1.431,0.395,164,1.0239,0.009,False
btc,15s,15,50,10,10,5,5,2.467,1.071,37,1.1289,0.006,False
btc,15s,15,150,6,6,3,3,3.024,1.884,561,1.2075,0.001,False
btc,15s,15,150,8,8,5,3,1.13,1.134,2574,0.9452,0.2418,False
btc,15s,15,150,10,9,3,6,1.347,0.392,166,0.9637,0.032,False
btc,15s,15,300,6,6,4,2,1.137,1.248,2804,0.7867,0.9371,False
btc,15s,15,300,8,8,5,3,2.028,0.861,60,1.1029,0.006,False
btc,15s,15,300,10,10,4,6,1.098,0.383,171,0.9673,0.6404,False
btc,15s,15,600,6,6,2,4,1.558,1.553,3102,1.0973,0.009,False
btc,15s,15,600,8,8,5,3,1.15,1.148,2601,0.9904,0.2498,False
btc,15s,15,600,10,9,5,4,1.146,1.134,2320,0.967,0.2368,False
btc,15s,20,50,6,6,2,4,2.004,1.571,1204,1.1115,0.1019,False
btc,15s,20,50,8,8,2,6,2.859,1.217,30,1.2248,0.002,False
btc,15s,20,50,10,10,5,5,1.18,1.324,744,0.8931,0.4535,False
btc,15s,20,150,6,6,1,5,2.932,0.474,30,1.5172,0.027,False
btc,15s,20,150,8,8,3,5,1.225,0.305,173,1.0304,0.1568,False
btc,15s,20,150,10,10,4,6,2.887,1.105,50,1.1061,0.003,False
btc,15s,20,300,6,6,2,4,2.932,0.474,30,1.2002,0.027,False
btc,15s,20,300,8,8,2,6,2.859,1.217,30,1.1659,0.002,False
btc,15s,20,300,10,10,2,8,1.157,0.843,246,0.8995,0.5375,False
btc,15s,20,600,6,6,1,5,2.932,0.474,30,1.46,0.027,False
btc,15s,20,600,8,8,3,5,1.16,1.289,1075,0.8584,0.3606,False
btc,15s,20,600,10,10,4,6,1.074,0.933,727,0.8845,0.8342,False
btc,15s,30,50,6,6,4,2,2.332,2.071,352,0.9985,0.1469,False
btc,15s,30,50,8,8,4,4,3.086,1.815,169,1.0905,0.006,False
btc,15s,30,50,10,8,4,4,2.706,2.198,73,0.9942,0.015,False
btc,15s,30,150,6,5,2,3,12.085,11.058,30,3.0894,0.001,False
btc,15s,30,150,8,7,3,4,1.661,1.655,244,0.8161,0.2128,False
btc,15s,30,150,10,8,4,4,1.523,1.151,247,0.7746,0.4625,False
btc,15s,30,300,6,6,4,2,3.018,2.329,293,1.1055,0.049,False
btc,15s,30,300,8,8,6,2,1.581,1.666,265,0.8106,0.3267,False
btc,15s,30,300,10,8,4,4,2.253,1.938,104,0.9796,0.0709,False
btc,15s,30,600,6,6,3,3,2.722,2.353,273,0.8732,0.0839,False
btc,15s,30,600,8,8,5,3,2.596,3.621,21,0.8141,0.036,False
btc,15s,30,600,10,8,4,4,1.492,2.308,43,0.9403,0.4955,False
btc,1s,10,50,6,5,5,0,0.975,1.33,132,0.8186,0.6533,False
btc,1s,10,50,6,5,5,0,0.975,1.33,132,0.8186,0.6533,False
btc,1s,10,50,6,5,5,0,0.975,1.33,132,0.8186,0.6533,False
btc,1s,10,150,6,5,5,0,0.957,1.387,115,0.828,0.7293,False
btc,1s,10,150,6,5,5,0,0.957,1.387,115,0.828,0.7293,False
btc,1s,10,150,6,5,5,0,0.957,1.387,115,0.828,0.7293,False
btc,1s,10,300,6,4,4,0,0.979,1.258,158,0.849,0.4336,False
btc,1s,10,300,6,4,4,0,0.979,1.258,158,0.849,0.4336,False
btc,1s,10,300,6,4,4,0,0.979,1.258,158,0.849,0.4336,False
btc,1s,10,600,6,4,4,0,0.958,1.291,140,0.8562,0.5285,False
btc,1s,10,600,6,4,4,0,0.958,1.291,140,0.8562,0.5285,False
btc,1s,10,600,6,4,4,0,0.958,1.291,140,0.8562,0.5285,False
btc,30s,10,50,6,6,6,0,0.955,0.665,2100,0.9083,0.0979,False
btc,30s,10,50,8,8,8,0,1.079,1.011,16262,1.0021,0.026,False
btc,30s,10,50,10,10,9,1,1.005,1.015,10860,0.9808,0.5165,False
btc,30s,10,150,6,6,6,0,0.974,0.664,2036,0.9115,0.0629,False
btc,30s,10,150,8,8,8,0,1.076,1.01,16113,1.0032,0.03,False
btc,30s,10,150,10,10,9,1,1.002,1.014,10801,0.9814,0.6264,False
btc,30s,10,300,6,6,6,0,0.977,0.662,2041,0.9115,0.0529,False
btc,30s,10,300,8,8,8,0,1.079,1.011,15888,1.0032,0.026,False
btc,30s,10,300,10,10,9,1,1.002,1.014,10813,0.9814,0.6523,False
btc,30s,10,600,6,6,6,0,0.978,0.663,2039,0.9123,0.0539,False
btc,30s,10,600,8,8,8,0,1.08,1.011,15872,1.0028,0.024,False
btc,30s,10,600,10,10,9,1,1.003,1.014,10783,0.9813,0.6104,False
btc,30s,15,50,6,6,6,0,0.945,1.255,8472,0.8443,0.1748,False
btc,30s,15,50,8,8,8,0,1.12,1.012,6599,1.0519,0.1479,False
btc,30s,15,50,10,10,7,3,1.021,1.015,6017,0.984,0.6004,False
btc,30s,15,150,6,6,5,1,1.02,0.526,880,0.855,0.0649,False
btc,30s,15,150,8,8,7,1,1.104,1.239,764,1.0431,0.2777,False
btc,30s,15,150,10,10,8,2,1.012,1.021,3746,0.9837,0.8621,False
btc,30s,15,300,6,6,6,0,0.957,0.483,793,0.8452,0.1518,False
btc,30s,15,300,8,8,7,1,1.093,0.994,6867,1.0391,0.4545,False
btc,30s,15,300,10,10,8,2,1.024,1.014,5999,0.9847,0.5395,False
btc,30s,15,600,6,6,6,0,0.957,0.483,793,0.8448,0.1518,False
btc,30s,15,600,8,8,8,0,1.118,1.017,6769,1.0524,0.1638,False
btc,30s,15,600,10,10,8,2,1.025,1.016,6072,0.9779,0.5445,False
btc,30s,20,50,6,6,5,1,1.326,0.531,1241,0.9712,0.005,False
btc,30s,20,50,8,8,6,2,3.06,1.547,98,1.3176,0.001,False
btc,30s,20,50,10,10,7,3,1.17,1.102,1033,1.0102,0.0589,False
btc,30s,20,150,6,6,5,1,1.348,0.541,1240,0.9435,0.01,False
btc,30s,20,150,8,8,7,1,1.289,1.373,379,0.981,0.2018,False
btc,30s,20,150,10,10,7,3,1.606,0.862,94,1.0725,0.003,False
btc,30s,20,300,6,6,5,1,1.359,0.553,1286,0.9467,0.009,False
btc,30s,20,300,8,8,7,1,1.287,1.371,380,0.9816,0.2038,False
btc,30s,20,300,10,10,8,2,1.065,1.048,1299,0.9841,0.3536,False
btc,30s,20,600,6,6,5,1,1.346,0.544,1248,0.944,0.01,False
btc,30s,20,600,8,8,6,2,3.06,1.547,98,1.3197,0.001,False
btc,30s,20,600,10,10,6,4,1.252,1.127,778,1.0226,0.012,False
btc,30s,30,50,6,6,4,2,1.919,0.586,378,0.9817,0.048,False
btc,30s,30,50,8,8,5,3,3.838,1.981,37,1.7772,0.001,False
btc,30s,30,50,10,10,7,3,8.479,1.242,26,1.7605,0.001,False
btc,30s,30,150,6,6,5,1,2.097,0.634,385,1.0905,0.001,False
btc,30s,30,150,8,8,6,2,3.838,1.981,37,1.727,0.001,False
btc,30s,30,150,10,10,7,3,8.479,1.242,26,1.7309,0.001,False
btc,30s,30,300,6,6,5,1,2.732,2.732,313,1.3322,0.001,False
btc,30s,30,300,8,8,6,2,8.164,1.876,40,2.5146,0.001,False
btc,30s,30,300,10,10,8,2,8.479,1.242,26,1.7442,0.001,False
btc,30s,30,600,6,6,5,1,1.331,1.731,877,0.6793,0.3027,False
btc,30s,30,600,8,8,6,2,1.455,1.498,132,1.1555,0.1948,True
btc,30s,30,600,10,10,7,3,8.479,1.242,26,1.7301,0.001,False
btc,30s,40,50,6,6,5,1,0.781,1.235,455,0.3915,0.963,False
btc,30s,40,50,8,8,7,1,17.249,2.181,25,4.1464,0.001,False
btc,30s,40,50,10,7,5,2,1.619,0.573,40,0.9839,0.042,False
btc,30s,40,150,6,6,5,1,0.766,1.211,456,0.4303,0.982,False
btc,30s,40,150,8,8,6,2,4.802,2.01,33,1.8285,0.001,False
btc,30s,40,150,10,8,4,4,2.397,1.473,74,1.1704,0.001,False
btc,30s,40,300,6,6,5,1,0.782,0.438,355,0.4635,0.965,False
btc,30s,40,300,8,8,7,1,4.802,2.01,33,2.3084,0.001,False
btc,30s,40,300,10,7,4,3,1.619,0.573,40,1.0031,0.038,False
btc,30s,40,600,6,6,4,2,5.715,2.437,40,1.3908,0.001,False
btc,30s,40,600,8,8,5,3,5.904,1.91,58,2.5353,0.001,False
btc,30s,40,600,10,7,4,3,1.619,0.573,40,1.0064,0.0809,False
btc,5s,10,50,6,6,5,1,1.316,1.401,2290,0.9237,0.0679,False
btc,5s,10,50,8,8,7,1,1.12,1.09,1725,0.9784,0.4695,False
btc,5s,10,50,10,9,8,1,1.119,0.994,645,1.0286,0.2957,False
btc,5s,10,150,6,6,5,1,1.374,0.693,28,1.0142,0.2278,False
btc,5s,10,150,8,8,6,2,1.106,1.156,1321,0.9098,0.5884,False
btc,5s,10,150,10,10,9,1,1.134,0.996,577,1.0166,0.2887,False
btc,5s,10,300,6,6,4,2,1.32,1.371,2470,0.912,0.0609,False
btc,5s,10,300,8,8,7,1,1.123,1.153,1524,0.9411,0.5305,False
btc,5s,10,300,10,9,8,1,1.191,1.128,755,1.0081,0.1259,False
btc,5s,10,600,6,6,5,1,1.374,0.693,28,1.014,0.2268,False
btc,5s,10,600,8,8,6,2,1.099,1.056,1710,0.9794,0.5554,False
btc,5s,10,600,10,9,8,1,1.111,0.986,611,1.012,0.3586,False
btc,5s,15,50,6,5,5,0,1.015,0.994,166,0.6884,0.1479,False
btc,5s,15,50,8,7,5,2,1.471,1.601,312,1.076,0.0859,False
btc,5s,15,50,10,10,9,1,2.444,1.204,42,1.1557,0.003,False
btc,5s,15,150,6,5,5,0,0.787,1.14,493,0.617,0.4545,False
btc,5s,15,150,8,7,6,1,1.447,1.613,296,0.9761,0.1518,False
btc,5s,15,150,10,9,8,1,6.039,1.317,21,1.5697,0.001,False
btc,5s,15,300,6,5,4,1,1.776,0.933,117,0.929,0.021,False
btc,5s,15,300,8,6,5,1,1.475,1.557,319,1.0098,0.0599,False
btc,5s,15,300,10,10,8,2,2.008,1.193,51,1.2061,0.024,False
btc,5s,15,600,6,5,5,0,0.767,0.734,405,0.6522,0.5914,False
btc,5s,15,600,8,7,7,0,1.363,1.3,311,1.0133,0.0789,False
btc,5s,15,600,10,8,7,1,1.192,1.055,92,1.0046,0.3407,False
btc,5s,20,50,6,5,4,1,2.072,1.261,36,1.2974,0.011,False
btc,5s,20,50,6,5,4,1,1.193,0.509,53,0.8424,0.3896,False
btc,5s,20,50,6,5,4,1,1.896,0.951,29,1.0874,0.0819,False
btc,5s,20,150,6,5,4,1,1.727,1.167,38,1.2162,0.03,False
btc,5s,20,150,6,5,5,0,0.739,0.391,45,0.5978,0.9061,False
btc,5s,20,150,6,5,5,0,1.969,1.737,161,1.1374,0.044,False
btc,5s,20,300,6,5,3,2,1.752,1.103,27,1.1568,0.0569,False
btc,5s,20,300,6,5,3,2,2.706,1.09,50,1.3038,0.017,False
btc,5s,20,300,6,5,3,2,1.677,1.298,130,1.5014,0.0719,False
btc,5s,20,600,6,4,3,1,1.515,1.096,44,1.1883,0.0799,False
btc,5s,20,600,6,4,4,0,0.754,1.106,155,0.6102,0.7223,False
btc,5s,20,600,6,4,4,0,1.282,1.431,229,1.0978,0.6763,False
eth,15s,10,50,6,6,6,0,1.314,0.652,202,0.9283,0.033,False
eth,15s,10,50,8,8,8,0,0.996,0.914,16333,0.9406,0.6064,False
eth,15s,10,50,10,10,9,1,1.003,1.121,9694,0.933,0.5914,False
eth,15s,10,150,6,6,6,0,1.314,0.652,202,0.9287,0.033,False
eth,15s,10,150,8,8,8,0,0.994,0.918,16433,0.9407,0.6354,False
eth,15s,10,150,10,10,9,1,1.003,1.123,9663,0.9325,0.5864,False
eth,15s,10,300,6,6,6,0,1.314,0.652,202,0.9285,0.033,False
eth,15s,10,300,8,8,8,0,0.991,1.193,13341,0.9403,0.6863,False
eth,15s,10,300,10,10,9,1,1.003,1.121,9627,0.9316,0.5874,False
eth,15s,10,600,6,6,6,0,1.314,0.652,202,0.9285,0.033,False
eth,15s,10,600,8,8,8,0,0.993,1.195,13313,0.9396,0.6513,False
eth,15s,10,600,10,10,9,1,1.004,1.123,9588,0.9318,0.5804,False
eth,15s,15,50,6,6,4,2,1.141,0.865,688,0.8927,0.041,False
eth,15s,15,50,8,8,6,2,1.24,1.252,669,1.0005,0.1948,False
eth,15s,15,50,10,10,7,3,1.2,1.298,599,0.9941,0.2398,False
eth,15s,15,150,6,6,4,2,1.25,0.815,606,0.911,0.025,False
eth,15s,15,150,8,8,6,2,1.238,1.259,663,0.9986,0.1978,False
eth,15s,15,150,10,10,7,3,1.075,1.057,4147,0.9608,0.4336,False
eth,15s,15,300,6,6,4,2,1.268,0.983,4246,0.8308,0.2018,False
eth,15s,15,300,8,8,6,2,1.042,1.144,4334,0.9576,0.4296,False
eth,15s,15,300,10,10,8,2,1.038,1.181,4163,0.9305,0.6334,False
eth,15s,15,600,6,6,4,2,1.035,1.299,6541,0.781,0.3956,False
eth,15s,15,600,8,8,6,2,1.049,1.147,1143,0.9733,0.4565,False
eth,15s,15,600,10,10,7,3,1.239,1.337,552,0.9776,0.1988,False
eth,15s,20,50,6,5,3,2,1.026,0.489,786,0.861,0.0889,False
eth,15s,20,50,8,7,3,4,1.246,1.27,377,0.9656,0.008,False
eth,15s,20,50,10,9,7,2,1.059,1.139,1775,0.9352,0.5005,False
eth,15s,20,150,6,6,4,2,1.078,0.493,1372,0.8023,0.1938,False
eth,15s,20,150,8,7,3,4,1.264,1.284,377,1.0253,0.007,False
eth,15s,20,150,10,9,5,4,1.225,1.327,332,0.9966,0.008,False
eth,15s,20,300,6,5,3,2,1.009,0.476,751,0.8456,0.0879,False
eth,15s,20,300,8,7,4,3,1.27,1.29,375,1.0159,0.005,False
eth,15s,20,300,10,9,6,3,1.109,0.936,335,0.9294,0.1958,False
eth,15s,20,600,6,5,3,2,0.999,0.473,756,0.8434,0.0939,False
eth,15s,20,600,8,7,4,3,1.043,1.018,2461,0.9647,0.3556,False
eth,15s,20,600,10,9,5,4,1.226,1.324,333,0.9957,0.041,False
eth,15s,30,50,6,5,2,3,2.166,1.687,835,1.049,0.0869,False
eth,15s,30,50,8,7,3,4,1.01,0.909,809,0.8863,0.998,False
eth,15s,30,50,10,9,5,4,1.567,1.218,124,1.0051,0.0879,False
eth,15s,30,150,6,5,2,3,1.867,1.585,1033,1.2788,0.001,False
eth,15s,30,150,8,7,5,2,1.107,1.206,511,0.9571,0.4735,False
eth,15s,30,150,10,8,6,2,1.13,0.947,532,0.931,0.5694,False
eth,15s,30,300,6,6,4,2,1.023,1.108,825,0.6592,0.4855,False
eth,15s,30,300,8,8,4,4,1.508,1.461,223,0.9954,0.008,False
eth,15s,30,300,10,9,6,3,1.195,1.032,422,0.9392,0.3826,False
eth,15s,30,600,6,6,3,3,1.844,1.739,859,0.8748,0.0969,False
eth,15s,30,600,8,7,4,3,1.079,0.919,385,0.8951,0.7203,False
eth,15s,30,600,10,9,4,5,1.465,1.092,140,0.9544,0.1239,False
eth,15s,40,50,6,6,4,2,2.184,1.825,338,0.9395,0.1469,False
eth,15s,40,50,8,8,6,2,2.833,0.884,45,1.197,0.003,False
eth,15s,40,50,10,9,6,3,2.144,1.774,112,0.7806,0.022,False
eth,15s,40,150,6,6,4,2,3.284,1.914,240,1.0558,0.022,False
eth,15s,40,150,8,7,6,1,1.641,1.515,50,1.1164,0.0729,False
eth,15s,40,150,10,10,6,4,3.681,2.222,27,1.4734,0.001,False
eth,15s,40,300,6,6,4,2,4.857,1.289,33,1.6785,0.003,False
eth,15s,40,300,8,8,6,2,1.961,1.912,77,0.991,0.037,False
eth,15s,40,300,10,10,7,3,3.026,2.179,35,1.2009,0.002,False
eth,15s,40,600,6,6,4,2,8.854,6.604,26,2.4962,0.001,False
eth,15s,40,600,8,8,5,3,3.415,1.639,33,1.1716,0.001,False
eth,15s,40,600,10,10,7,3,2.411,2.247,67,1.1536,0.009,False
eth,1s,10,50,6,5,5,0,0.994,1.278,200,0.8522,0.2378,False
eth,1s,10,50,8,6,6,0,1.008,1.211,227,0.8375,0.4156,False
eth,1s,10,50,10,8,7,1,0.983,0.978,266,0.8609,0.7403,False
eth,1s,10,150,6,5,4,1,1.012,1.178,249,0.8722,0.3786,False
eth,1s,10,150,8,5,4,1,0.903,1.173,199,0.8176,0.7792,False
eth,1s,10,150,10,8,7,1,0.923,1.301,117,0.8333,0.9191,False
eth,1s,10,300,6,5,5,0,1.029,1.184,259,0.8364,0.3067,False
eth,1s,10,300,8,6,5,1,1.005,1.198,241,0.875,0.4755,False
eth,1s,10,300,10,8,7,1,1.209,3.454,27,0.9004,0.2697,False
eth,1s,10,600,6,6,6,0,1.018,1.202,241,0.86,0.3616,False
eth,1s,10,600,8,7,7,0,0.988,1.074,46,0.8726,0.6134,False
eth,1s,10,600,10,7,6,1,0.909,0.548,328,0.8341,0.9241,False
eth,1s,15,50,6,4,3,1,0.901,1.102,191,0.8175,0.993,False
eth,1s,15,50,6,4,3,1,0.901,1.102,191,0.8175,0.993,False
eth,1s,15,50,6,4,3,1,0.901,1.102,191,0.8175,0.993,False
eth,1s,15,150,6,4,4,0,1.095,1.108,117,0.9047,0.2537,False
eth,1s,15,150,6,4,4,0,1.095,1.108,117,0.9047,0.2537,False
eth,1s,15,150,6,4,4,0,1.095,1.108,117,0.9047,0.2537,False
eth,1s,15,300,6,4,4,0,1.466,1.989,24,1.009,0.0959,False
eth,1s,15,300,6,4,4,0,1.466,1.989,24,1.009,0.0959,False
eth,1s,15,300,6,4,4,0,1.466,1.989,24,1.009,0.0959,False
eth,1s,15,600,6,4,3,1,1.03,1.328,139,0.8425,0.5455,False
eth,1s,15,600,6,4,3,1,1.03,1.328,139,0.8425,0.5455,False
eth,1s,15,600,6,4,3,1,1.03,1.328,139,0.8425,0.5455,False
eth,30s,10,50,6,6,6,0,1.06,0.404,424,0.9053,0.0629,False
eth,30s,10,50,8,8,8,0,1.539,1.504,424,1.0881,0.001,False
eth,30s,10,50,10,10,6,4,1.002,0.962,31811,0.9696,0.7123,False
eth,30s,10,150,6,6,6,0,1.06,0.404,424,0.9053,0.0629,False
eth,30s,10,150,8,8,8,0,1.539,1.504,424,1.1004,0.001,False
eth,30s,10,150,10,10,7,3,1.006,0.961,31711,0.9687,0.6454,False
eth,30s,10,300,6,6,6,0,1.06,0.404,424,0.9055,0.0629,False
eth,30s,10,300,8,8,8,0,1.539,1.504,424,1.1001,0.001,False
eth,30s,10,300,10,10,7,3,1.004,0.963,31887,0.9673,0.6963,False
eth,30s,10,600,6,6,6,0,1.06,0.404,424,0.9057,0.0629,False
eth,30s,10,600,8,8,8,0,1.539,1.504,424,1.0881,0.001,False
eth,30s,10,600,10,10,7,3,1.005,0.964,31612,0.968,0.6743,False
eth,30s,15,50,6,6,6,0,1.229,0.369,142,0.9068,0.1049,False
eth,30s,15,50,8,8,8,0,1.91,1.768,142,1.1667,0.001,False
eth,30s,15,50,10,10,7,3,1.052,1.034,7274,0.9605,0.4346,False
eth,30s,15,150,6,6,6,0,1.229,0.369,142,0.9067,0.1049,False
eth,30s,15,150,8,8,8,0,1.91,1.768,142,1.1684,0.001,False
eth,30s,15,150,10,10,7,3,1.048,1.034,7290,0.9636,0.4496,False
eth,30s,15,300,6,6,6,0,1.229,0.369,142,0.9068,0.1049,False
eth,30s,15,300,8,8,8,0,1.91,1.768,142,1.1647,0.001,False
eth,30s,15,300,10,10,7,3,1.046,1.031,7258,0.9647,0.4535,False
eth,30s,15,600,6,6,6,0,1.229,0.369,142,0.9063,0.1049,False
eth,30s,15,600,8,8,8,0,1.91,1.768,142,1.166,0.001,False
eth,30s,15,600,10,10,7,3,1.043,1.03,7165,0.9616,0.4715,False
eth,30s,20,50,6,6,6,0,3.322,0.526,66,1.3348,0.001,False
eth,30s,20,50,8,8,8,0,1.373,1.553,66,1.091,0.0739,False
eth,30s,20,50,10,10,7,3,1.17,1.245,38,0.9776,0.3207,False
eth,30s,20,150,6,6,6,0,3.322,0.526,66,1.2633,0.001,False
eth,30s,20,150,8,8,8,0,1.373,1.553,66,1.0973,0.0739,False
eth,30s,20,150,10,10,6,4,1.17,1.245,38,0.9906,0.3257,False
eth,30s,20,300,6,6,6,0,3.322,0.526,66,1.2632,0.001,False
eth,30s,20,300,8,8,8,0,1.373,1.553,66,1.0915,0.0739,False
eth,30s,20,300,10,10,6,4,1.17,1.245,38,0.9907,0.3247,False
eth,30s,20,600,6,6,6,0,1.244,0.752,777,0.914,0.004,False
eth,30s,20,600,8,8,7,1,1.373,1.553,66,1.0623,0.0739,False
eth,30s,20,600,10,10,5,5,1.17,1.245,38,1.0111,0.3546,False
eth,30s,30,50,6,5,4,1,0.989,1.221,2792,0.757,0.2418,False
eth,30s,30,50,8,7,6,1,1.179,1.153,1831,0.9817,0.0779,False
eth,30s,30,50,10,10,5,5,3.337,2.873,28,1.1988,0.001,False
eth,30s,30,150,6,5,4,1,1.235,0.805,2765,0.937,0.002,False
eth,30s,30,150,8,7,5,2,1.111,1.049,2296,1.0016,0.2737,False
eth,30s,30,150,10,9,6,3,1.026,1.04,1509,0.953,0.7832,False
eth,30s,30,300,6,5,5,0,1.005,1.165,3035,0.7914,0.4565,False
eth,30s,30,300,8,7,5,2,1.062,1.157,2094,0.967,0.8811,True
eth,30s,30,300,10,10,7,3,1.182,0.96,124,1.0011,0.2877,False
eth,30s,30,600,6,5,4,1,1.103,0.821,2889,0.851,0.3536,False
eth,30s,30,600,8,8,6,2,1.193,0.877,57,1.0271,0.2498,False
eth,30s,30,600,10,10,7,3,1.383,1.1,22,0.9768,0.2278,False
eth,30s,40,50,6,6,6,0,1.22,1.208,961,0.7962,0.2328,False
eth,30s,40,50,8,8,7,1,1.352,1.237,874,1.0714,0.1878,False
eth,30s,40,50,10,8,4,4,1.048,1.048,836,0.9035,0.9271,False
eth,30s,40,150,6,6,6,0,1.184,1.31,822,0.816,0.2498,False
eth,30s,40,150,8,8,7,1,1.395,1.229,887,1.0641,0.1578,False
eth,30s,40,150,10,9,5,4,1.016,1.032,873,0.8852,0.989,False
eth,30s,40,300,6,6,6,0,1.137,1.203,959,0.8108,0.2867,False
eth,30s,40,300,8,8,6,2,1.247,1.276,751,0.9265,0.4815,False
eth,30s,40,300,10,8,4,4,1.06,1.006,1071,0.8307,0.9071,False
eth,30s,40,600,6,6,6,0,1.168,1.303,843,0.7978,0.2597,False
eth,30s,40,600,8,8,7,1,1.298,1.251,917,1.0371,0.2517,False
eth,30s,40,600,10,9,5,4,1.056,1.005,787,0.8923,0.9321,False
eth,5s,10,50,6,6,5,1,1.122,1.174,398,0.8855,0.05,False
eth,5s,10,50,8,8,7,1,1.383,0.545,386,0.9566,0.1768,False
eth,5s,10,50,10,10,9,1,1.341,0.544,340,0.9772,0.1938,False
eth,5s,10,150,6,6,5,1,0.994,1.333,4399,0.8593,0.0569,False
eth,5s,10,150,8,8,7,1,1.321,0.532,330,0.972,0.2048,False
eth,5s,10,150,10,10,9,1,1.356,0.512,363,0.9595,0.1888,False
eth,5s,10,300,6,6,5,1,0.99,1.37,4153,0.8562,0.0579,False
eth,5s,10,300,8,8,7,1,1.018,0.925,3832,0.9076,0.8711,False
eth,5s,10,300,10,10,9,1,1.356,0.512,363,0.9591,0.1888,False
eth,5s,10,600,6,6,5,1,1.003,1.32,4722,0.7727,0.4525,False
eth,5s,10,600,8,8,7,1,1.037,0.932,3710,0.9103,0.6973,False
eth,5s,10,600,10,10,9,1,1.354,0.513,362,0.9618,0.1888,False
eth,5s,15,50,6,5,3,2,1.226,1.354,1289,0.934,0.019,False
eth,5s,15,50,8,7,5,2,1.225,0.468,138,0.9619,0.0689,False
eth,5s,15,50,10,9,7,2,1.438,0.339,20,1.0097,0.1928,False
eth,5s,15,150,6,6,4,2,1.293,1.267,136,0.9782,0.0889,False
eth,5s,15,150,8,7,5,2,1.139,1.372,658,0.9066,0.1548,False
eth,5s,15,150,10,9,7,2,1.189,0.417,131,0.952,0.2028,False
eth,5s,15,300,6,5,4,1,1.094,1.378,1224,0.818,0.032,False
eth,5s,15,300,8,7,6,1,1.257,0.478,136,0.9887,0.05,False
eth,5s,15,300,10,9,7,2,1.438,0.339,20,1.0111,0.1888,False
eth,5s,15,600,6,6,4,2,1.299,1.264,137,0.982,0.0719,False
eth,5s,15,600,8,7,5,2,1.306,0.491,138,0.9553,0.028,False
eth,5s,15,600,10,9,6,3,1.193,0.478,115,0.9349,0.2837,False
eth,5s,20,50,6,5,4,1,1.4,1.689,268,0.8938,0.043,False
eth,5s,20,50,8,7,6,1,1.173,1.518,316,0.873,0.5295,False
eth,5s,20,50,10,8,7,1,1.27,1.155,411,0.9049,0.3596,False
eth,5s,20,150,6,6,4,2,1.398,1.705,286,0.8625,0.2907,False
eth,5s,20,150,8,6,5,1,1.161,1.522,305,0.9545,0.3766,False
eth,5s,20,150,10,9,9,0,1.951,0.391,37,1.1196,0.022,False
eth,5s,20,300,6,4,3,1,1.415,1.695,306,0.9113,0.019,False
eth,5s,20,300,8,6,4,2,1.133,1.112,444,0.8858,0.5604,False
eth,5s,20,300,10,9,7,2,1.429,0.491,118,0.9281,0.1538,False
eth,5s,20,600,6,5,4,1,0.78,0.43,785,0.6824,0.8462,False
eth,5s,20,600,8,6,5,1,1.62,0.519,281,1.1035,0.001,False
eth,5s,20,600,10,7,6,1,1.226,1.526,256,0.921,0.2028,False
