feature_name,top_returns,top_mfe,top_mae,top_short_horizon,top_long_horizon
absorb_refill_ask_fut_10bps_1s_eth,False,False,False,True,False
absorb_refill_bid_fut_10bps_1s_btc,False,False,False,True,False
absorb_refill_bid_fut_2bps_1s_eth,False,True,False,True,False
absorb_refill_bid_fut_5bps_1s_btc,False,False,False,True,False
absorb_refill_mid_fut_5bps_1s_btc,False,False,False,True,False
absorption_asymmetry_fut_1bps_15s_btc,False,False,False,True,False
absorption_asymmetry_fut_1bps_60s_eth,False,True,False,True,True
absorption_asymmetry_spot_1bps_15s_btc,False,False,False,True,False
absorption_asymmetry_spot_1bps_60s_btc,False,False,False,True,False
absorption_break_fut_15s_btc,False,False,False,True,False
absorption_break_spot_60s_btc,False,False,False,True,False
absorption_volume_ask_fut_1bps_15s_btc,False,False,False,True,False
absorption_volume_ask_fut_1bps_15s_eth,False,False,True,True,False
absorption_volume_ask_fut_1bps_1s_btc,True,False,False,False,False
absorption_volume_ask_fut_1bps_1s_eth,False,False,True,True,False
absorption_volume_ask_fut_1bps_60s_eth,False,False,False,True,False
absorption_volume_ask_spot_1bps_15s_btc,False,False,False,True,False
absorption_volume_ask_spot_1bps_15s_eth,False,False,False,True,False
absorption_volume_ask_spot_1bps_1s_eth,False,False,False,True,False
absorption_volume_ask_spot_1bps_60s_eth,False,False,False,True,False
absorption_volume_bid_fut_1bps_1s_btc,False,True,False,False,False
absorption_volume_bid_fut_1bps_1s_eth,False,True,False,True,True
absorption_volume_bid_fut_1bps_60s_eth,False,True,False,True,False
absorption_volume_bid_spot_1bps_15s_eth,False,True,False,True,False
absorption_volume_bid_spot_1bps_60s_eth,False,True,False,True,False
aggr_absorp_ratio_bid_fut_5bps_1s_eth,False,False,False,True,False
aggressor_absorption_ratio_fut_2bps_60s_btc,False,False,True,True,True
aggressor_absorption_ratio_fut_2bps_60s_eth,False,False,True,False,False
ask_churn_fut_2bps_60s_eth,False,False,False,True,False
ask_churn_fut_5bps_15s_btc,False,False,True,False,False
ask_churn_fut_5bps_15s_eth,False,True,False,True,False
ask_churn_fut_5bps_60s_eth,False,True,False,True,False
ask_churn_spot_2bps_15s_btc,False,False,False,True,False
ask_churn_spot_2bps_60s_btc,True,False,False,True,False
ask_churn_spot_2bps_60s_eth,False,False,False,True,False
ask_churn_spot_5bps_15s_eth,True,False,False,True,False
ask_churn_spot_5bps_60s_btc,False,True,False,False,True
ask_churn_spot_5bps_60s_eth,True,False,False,True,False
avg_trade_size_fut_300s_btc,False,False,True,True,True
avg_trade_size_fut_300s_eth,True,False,False,False,True
avg_trade_size_fut_60s_btc,False,False,False,True,False
avg_trade_size_fut_900s_btc,True,True,True,True,True
avg_trade_size_fut_900s_eth,True,True,False,True,True
avg_trade_size_spot_300s_btc,False,True,False,False,False
avg_trade_size_spot_300s_eth,True,False,True,False,False
avg_trade_size_spot_60s_btc,False,False,False,True,False
avg_trade_size_spot_900s_btc,True,True,True,True,True
avg_trade_size_spot_900s_eth,True,False,True,False,True
basis_300s_btc,True,True,True,True,True
basis_300s_eth,True,True,True,False,True
basis_60s_btc,True,False,False,True,False
basis_60s_eth,False,False,True,True,True
basis_sf_mid_60s_btc,False,False,False,True,False
basis_sf_mid_60s_eth,False,False,False,True,False
basis_vwap_sf_300s_btc,True,True,True,False,True
basis_vwap_sf_300s_eth,False,True,True,True,True
basis_vwap_sf_60s_btc,False,False,False,True,False
basis_vwap_sf_60s_eth,False,False,False,True,False
basis_vwap_sf_900s_btc,True,True,True,True,True
basis_vwap_sf_900s_eth,True,True,True,False,True
best_ask_fut_1s_btc,False,True,True,False,True
bid_churn_fut_2bps_60s_eth,False,True,False,True,False
bid_churn_fut_5bps_15s_btc,False,False,False,True,False
bid_churn_fut_5bps_60s_btc,True,False,False,True,False
bid_churn_fut_5bps_60s_eth,False,False,True,True,False
bid_churn_spot_2bps_60s_btc,True,False,True,False,False
bid_churn_spot_2bps_60s_eth,True,True,False,False,False
bid_churn_spot_5bps_15s_eth,False,True,False,False,True
bid_churn_spot_5bps_60s_btc,True,False,False,False,False
bid_churn_spot_5bps_60s_eth,False,False,True,True,False
book_asymmetry_div_fut_minus_spot_struct100_300s_btc,False,True,False,False,True
book_asymmetry_div_fut_minus_spot_struct100_300s_eth,False,True,True,True,True
book_asymmetry_div_fut_minus_spot_struct100_60s_eth,True,False,False,False,False
book_asymmetry_div_fut_minus_spot_struct100_900s_btc,True,True,True,False,True
book_asymmetry_div_fut_minus_spot_struct100_900s_eth,True,True,True,False,True
book_asymmetry_div_fut_minus_spot_struct50_300s_btc,True,True,False,True,True
book_asymmetry_div_fut_minus_spot_struct50_300s_eth,True,True,False,False,True
book_asymmetry_div_fut_minus_spot_struct50_60s_btc,True,False,False,False,False
book_asymmetry_div_fut_minus_spot_struct50_60s_eth,True,False,False,False,False
book_asymmetry_div_fut_minus_spot_struct50_900s_btc,True,True,True,False,True
book_asymmetry_div_fut_minus_spot_struct50_900s_eth,True,False,True,False,True
book_asymmetry_fut_struct100_1s_btc,False,False,False,True,False
book_asymmetry_fut_struct100_300s_btc,False,True,False,True,False
book_asymmetry_fut_struct100_300s_eth,True,True,True,True,False
book_asymmetry_fut_struct100_60s_eth,True,False,False,False,True
book_asymmetry_fut_struct100_900s_btc,True,True,False,False,True
book_asymmetry_fut_struct100_900s_eth,True,True,True,False,True
book_asymmetry_fut_struct50_1s_eth,False,False,False,True,False
book_asymmetry_fut_struct50_300s_btc,True,True,False,True,True
book_asymmetry_fut_struct50_300s_eth,True,False,False,False,False
book_asymmetry_fut_struct50_60s_btc,False,True,False,True,False
book_asymmetry_fut_struct50_60s_eth,False,False,False,True,False
book_asymmetry_fut_struct50_900s_btc,True,True,True,False,True
book_asymmetry_fut_struct50_900s_eth,True,True,True,False,True
book_asymmetry_spot_struct100_300s_btc,True,True,False,False,False
book_asymmetry_spot_struct100_300s_eth,True,True,True,False,False
book_asymmetry_spot_struct100_60s_eth,True,False,False,True,True
book_asymmetry_spot_struct100_900s_btc,True,True,True,False,False
book_asymmetry_spot_struct100_900s_eth,True,False,True,False,True
book_asymmetry_spot_struct50_300s_btc,True,True,False,False,False
book_asymmetry_spot_struct50_300s_eth,True,False,True,False,True
book_asymmetry_spot_struct50_60s_btc,True,False,True,False,False
book_asymmetry_spot_struct50_900s_btc,True,False,True,False,True
book_asymmetry_spot_struct50_900s_eth,True,True,False,False,False
bps_sym_fut_1s_btc,False,True,False,True,True
bps_sym_fut_1s_eth,False,False,False,True,False
bps_sym_spot_1s_btc,False,False,False,True,False
bps_sym_spot_1s_eth,True,True,True,True,False
ca_activity_avg_trade_size_spot_900s_spread_btceth,True,False,False,False,False
ca_activity_trade_count_spot_300s_spread_btceth,False,True,False,True,True
ca_basis_vwap_sf_spread_300s_btceth,True,False,True,False,True
ca_bps_spread_fut_eth,False,False,False,True,False
ca_day_range_bps_spread_fut_btceth,False,True,True,False,True
ca_dist_to_day_high_bps_spread_fut_btceth,True,True,False,True,True
ca_dist_to_day_high_bps_spread_spot_btceth,False,True,True,False,True
ca_dist_to_day_low_bps_spread_fut_btceth,True,True,True,False,True
ca_dist_to_day_low_bps_spread_spot_btceth,True,True,True,True,True
ca_impact_eff_fut_spread_60s_btceth,False,False,False,True,False
ca_impact_shock_fut_spread_15s_btceth,False,False,False,True,False
ca_impact_shock_fut_spread_60s_btceth,False,False,False,True,False
ca_impact_shock_spot_spread_60s_btceth,False,True,False,False,False
ca_lag_corr_eth_taker_lead_btc_ret_5s,False,False,False,True,False
ca_net_pressure_persist_fut_5bps_spread_300s_btceth,True,False,False,False,False
ca_net_pressure_persist_spot_5bps_spread_60s_btceth,False,False,False,True,False
ca_pull_rate_shock_spot_5bps_spread_60s_btceth,False,False,False,True,False
ca_queue_pressure_fut_1bps_spread_60s_btceth,False,False,False,True,False
ca_range_pct_spread_fut_900s_btceth,True,True,True,False,True
ca_range_pct_spread_spot_900s_btceth,False,True,True,True,True
ca_range_pos_day_spread_fut_btceth,False,True,True,True,True
ca_range_pos_day_spread_spot_btceth,False,True,True,False,True
ca_spread_bps_fut_spread_1s_btceth,False,True,False,False,False
ca_z_avg_trade_size_spot_900s_btc,False,False,True,True,False
ca_z_depth_curvature_fut_15s_btc,False,False,False,True,False
ca_z_depth_curvature_fut_60s_eth,False,False,False,True,False
ca_z_depth_slope_spot_15s_btc,False,False,False,True,False
ca_z_trade_count_spot_300s_btc,True,True,True,True,True
ca_z_trade_count_spot_300s_eth,True,True,True,True,True
d1_queue_pressure_fut_10bps_15s_eth,False,False,False,True,False
d1_queue_pressure_fut_10bps_5s_eth,False,False,False,True,False
d1_queue_pressure_fut_1bps_15s_eth,False,False,False,True,False
d1_queue_pressure_fut_2bps_5s_eth,False,False,False,True,False
d1_queue_pressure_fut_5bps_5s_btc,False,False,False,True,False
day_high_fut_btc,False,True,False,False,True
day_high_spot_btc,True,False,False,False,False
day_low_fut_eth,True,False,True,False,True
day_range_bps_fut_btc,False,True,False,False,True
day_range_bps_fut_eth,False,True,True,False,True
day_range_bps_spot_btc,True,True,True,False,True
day_range_bps_spot_eth,True,True,True,False,True
depth_gradient_ask_fut_struct100_1s_eth,False,False,False,True,False
depth_gradient_ask_fut_struct100_300s_btc,True,True,True,False,False
depth_gradient_ask_fut_struct100_300s_eth,True,False,True,False,True
depth_gradient_ask_fut_struct100_60s_btc,True,False,False,True,False
depth_gradient_ask_fut_struct100_900s_btc,False,True,True,False,True
depth_gradient_ask_fut_struct100_900s_eth,True,True,True,True,True
depth_gradient_ask_fut_struct50_1s_btc,False,True,False,True,False
depth_gradient_ask_fut_struct50_300s_eth,True,False,False,False,False
depth_gradient_ask_fut_struct50_60s_btc,False,False,True,True,False
depth_gradient_ask_fut_struct50_900s_eth,False,True,True,False,True
depth_gradient_ask_spot_struct100_300s_btc,False,False,False,True,False
depth_gradient_ask_spot_struct100_300s_eth,True,True,True,False,True
depth_gradient_ask_spot_struct100_60s_eth,False,False,True,False,False
depth_gradient_ask_spot_struct100_900s_btc,False,True,True,False,True
depth_gradient_ask_spot_struct100_900s_eth,True,True,False,False,True
depth_gradient_ask_spot_struct50_300s_btc,True,False,True,False,False
depth_gradient_ask_spot_struct50_300s_eth,False,True,True,False,True
depth_gradient_ask_spot_struct50_60s_btc,False,False,False,True,False
depth_gradient_ask_spot_struct50_900s_btc,False,False,True,True,True
depth_gradient_ask_spot_struct50_900s_eth,True,True,True,True,True
depth_gradient_bid_fut_struct100_300s_btc,True,True,False,True,False
depth_gradient_bid_fut_struct100_300s_eth,False,True,True,False,True
depth_gradient_bid_fut_struct100_60s_btc,False,False,False,True,False
depth_gradient_bid_fut_struct100_900s_btc,True,True,True,True,True
depth_gradient_bid_fut_struct100_900s_eth,False,True,True,False,True
depth_gradient_bid_fut_struct50_300s_btc,False,True,True,False,True
depth_gradient_bid_fut_struct50_60s_eth,False,False,False,True,False
depth_gradient_bid_fut_struct50_900s_btc,True,False,False,True,True
depth_gradient_bid_fut_struct50_900s_eth,False,True,False,False,True
depth_gradient_bid_spot_struct100_1s_eth,True,False,False,False,False
depth_gradient_bid_spot_struct100_300s_btc,False,True,True,True,True
depth_gradient_bid_spot_struct100_300s_eth,True,True,True,False,True
depth_gradient_bid_spot_struct100_60s_btc,False,False,False,True,False
depth_gradient_bid_spot_struct100_60s_eth,True,False,False,False,True
depth_gradient_bid_spot_struct100_900s_btc,True,False,True,False,True
depth_gradient_bid_spot_struct100_900s_eth,True,True,False,False,True
depth_gradient_bid_spot_struct50_300s_btc,False,False,False,True,False
depth_gradient_bid_spot_struct50_300s_eth,False,False,True,False,False
depth_gradient_bid_spot_struct50_60s_eth,True,False,False,False,False
depth_gradient_bid_spot_struct50_900s_btc,True,True,True,True,True
depth_gradient_bid_spot_struct50_900s_eth,True,True,True,True,True
depth_gradient_div_fut_minus_spot_struct100_300s_btc,True,False,False,True,False
depth_gradient_div_fut_minus_spot_struct100_300s_eth,False,False,True,True,False
depth_gradient_div_fut_minus_spot_struct100_60s_eth,False,False,False,True,False
depth_gradient_div_fut_minus_spot_struct100_900s_eth,False,True,True,False,True
depth_gradient_div_fut_minus_spot_struct50_300s_btc,True,False,False,True,False
depth_gradient_div_fut_minus_spot_struct50_900s_btc,True,True,True,False,True
depth_gradient_fut_struct100_60s_eth,True,False,False,False,False
depth_gradient_fut_struct100_900s_btc,True,True,True,False,True
depth_gradient_fut_struct100_900s_eth,True,True,True,False,True
depth_gradient_fut_struct50_300s_btc,False,True,False,False,False
depth_gradient_fut_struct50_300s_eth,True,True,False,False,False
depth_gradient_fut_struct50_60s_btc,False,False,False,True,False
depth_gradient_fut_struct50_900s_btc,False,True,False,False,True
depth_gradient_fut_struct50_900s_eth,False,True,True,False,True
depth_gradient_spot_struct100_300s_btc,False,False,True,False,False
depth_gradient_spot_struct100_300s_eth,False,True,False,True,True
depth_gradient_spot_struct100_60s_btc,False,False,False,True,False
depth_gradient_spot_struct100_60s_eth,False,False,False,True,False
depth_gradient_spot_struct100_900s_btc,True,True,False,True,True
depth_gradient_spot_struct100_900s_eth,True,True,True,False,True
depth_gradient_spot_struct50_300s_btc,True,False,False,False,False
depth_gradient_spot_struct50_300s_eth,True,True,False,False,False
depth_gradient_spot_struct50_60s_eth,True,False,False,True,False
depth_gradient_spot_struct50_900s_btc,False,False,True,False,True
depth_gradient_spot_struct50_900s_eth,True,True,True,False,True
depth_notional_ask_1bps_fut_1s_btc,True,True,False,True,True
depth_notional_ask_1bps_fut_1s_eth,False,False,False,True,False
depth_notional_ask_1bps_spot_1s_btc,False,False,False,True,False
depth_notional_ask_1bps_spot_1s_eth,False,False,False,True,False
depth_notional_ask_2bps_spot_1s_btc,False,False,False,True,False
depth_notional_ask_5bps_fut_1s_btc,False,False,False,True,False
depth_notional_ask_struct100_fut_1s_btc,False,False,False,True,False
depth_notional_ask_struct100_fut_1s_eth,False,False,False,True,False
depth_notional_ask_struct100_fut_300s_btc,True,False,True,False,False
depth_notional_ask_struct100_fut_300s_eth,False,True,True,False,True
depth_notional_ask_struct100_fut_900s_btc,False,True,True,False,True
depth_notional_ask_struct100_fut_900s_eth,True,False,True,True,True
depth_notional_ask_struct100_spot_1s_eth,True,False,False,True,False
depth_notional_ask_struct100_spot_300s_btc,False,False,True,False,False
depth_notional_ask_struct100_spot_300s_eth,True,False,False,False,False
depth_notional_ask_struct100_spot_60s_btc,True,True,True,False,False
depth_notional_ask_struct100_spot_60s_eth,False,True,False,True,False
depth_notional_ask_struct100_spot_900s_btc,True,True,True,False,True
depth_notional_ask_struct100_spot_900s_eth,True,True,True,False,True
depth_notional_ask_struct50_fut_300s_btc,True,False,True,False,False
depth_notional_ask_struct50_fut_300s_eth,True,True,True,True,True
depth_notional_ask_struct50_fut_60s_btc,False,False,False,True,False
depth_notional_ask_struct50_fut_900s_btc,False,True,True,False,True
depth_notional_ask_struct50_fut_900s_eth,True,False,True,True,True
depth_notional_ask_struct50_spot_300s_btc,False,True,True,False,True
depth_notional_ask_struct50_spot_60s_btc,True,True,False,False,False
depth_notional_ask_struct50_spot_60s_eth,False,False,False,True,False
depth_notional_ask_struct50_spot_900s_btc,True,True,True,False,True
depth_notional_ask_struct50_spot_900s_eth,True,True,True,False,True
depth_notional_bid_10bps_spot_1s_btc,True,False,False,False,False
depth_notional_bid_1bps_fut_1s_btc,False,False,False,True,False
depth_notional_bid_2bps_fut_1s_btc,False,False,True,False,False
depth_notional_bid_struct100_fut_1s_btc,False,False,False,True,False
depth_notional_bid_struct100_fut_300s_btc,True,True,True,False,True
depth_notional_bid_struct100_fut_300s_eth,True,False,False,True,False
depth_notional_bid_struct100_fut_900s_btc,False,False,True,False,True
depth_notional_bid_struct100_fut_900s_eth,True,True,True,False,True
depth_notional_bid_struct100_spot_1s_eth,False,False,False,True,False
depth_notional_bid_struct100_spot_300s_btc,False,False,False,True,False
depth_notional_bid_struct100_spot_300s_eth,False,True,True,False,True
depth_notional_bid_struct100_spot_60s_eth,False,False,True,False,False
depth_notional_bid_struct100_spot_900s_btc,False,True,True,True,True
depth_notional_bid_struct100_spot_900s_eth,True,True,True,False,True
depth_notional_bid_struct50_fut_1s_eth,False,False,False,True,False
depth_notional_bid_struct50_fut_300s_btc,True,False,True,True,False
depth_notional_bid_struct50_fut_300s_eth,True,False,True,False,True
depth_notional_bid_struct50_fut_60s_btc,False,True,False,False,False
depth_notional_bid_struct50_fut_60s_eth,True,False,False,False,True
depth_notional_bid_struct50_fut_900s_btc,True,True,True,True,False
depth_notional_bid_struct50_fut_900s_eth,True,True,True,False,True
depth_notional_bid_struct50_spot_300s_btc,True,False,True,True,False
depth_notional_bid_struct50_spot_300s_eth,True,True,True,True,True
depth_notional_bid_struct50_spot_60s_btc,True,False,False,False,False
depth_notional_bid_struct50_spot_900s_btc,True,False,True,False,False
depth_notional_bid_struct50_spot_900s_eth,False,True,True,False,True
dist_to_day_high_bps_fut_btc,False,True,True,False,True
dist_to_day_high_bps_fut_eth,False,False,True,False,True
dist_to_day_high_bps_spot_btc,True,False,True,True,True
dist_to_day_high_bps_spot_eth,True,False,True,False,True
dist_to_day_low_bps_fut_btc,True,False,True,True,True
dist_to_day_low_bps_fut_eth,True,True,True,False,False
dist_to_day_low_bps_spot_btc,True,True,True,False,True
dist_to_day_low_bps_spot_eth,True,True,True,False,True
dist_to_fib_382_week_bps_fut_btc,False,True,True,False,True
dist_to_fib_500_week_bps_fut_btc,False,True,True,False,True
dist_to_fib_618_week_bps_fut_btc,False,False,True,False,False
dist_to_fib_786_week_bps_fut_btc,False,True,False,False,True
dist_to_monday_high_bps_fut_btc,False,True,True,False,False
dist_to_monday_low_bps_fut_btc,True,False,True,False,False
dist_to_poc_1d_bps_fut_btc,False,True,True,False,True
dist_to_poc_1d_bps_fut_eth,True,True,True,False,True
dist_to_poc_240m_bps_fut_btc,False,False,True,True,True
dist_to_poc_240m_bps_fut_eth,True,True,False,False,True
dist_to_poc_60m_bps_fut_btc,True,True,False,False,True
dist_to_poc_60m_bps_fut_eth,True,True,False,True,False
dist_to_prev_day_high_bps_fut_btc,False,True,False,False,True
dist_to_prev_day_high_bps_fut_eth,True,True,True,True,True
dist_to_prev_day_low_bps_fut_btc,True,False,True,True,True
dist_to_prev_day_low_bps_fut_eth,True,True,True,False,True
dist_to_prev_week_high_bps_fut_btc,False,False,True,False,True
dist_to_prev_week_low_bps_fut_btc,False,False,True,False,True
dist_to_vah_1d_bps_fut_btc,True,True,True,True,True
dist_to_vah_1d_bps_fut_eth,True,True,True,True,True
dist_to_vah_240m_bps_fut_btc,True,False,True,True,True
dist_to_vah_240m_bps_fut_eth,True,True,True,False,True
dist_to_vah_60m_bps_fut_btc,True,False,True,False,True
dist_to_vah_60m_bps_fut_eth,True,True,True,True,True
dist_to_val_1d_bps_fut_btc,True,True,True,False,True
dist_to_val_1d_bps_fut_eth,True,True,True,False,True
dist_to_val_240m_bps_fut_btc,False,False,True,False,True
dist_to_val_240m_bps_fut_eth,True,True,True,True,True
dist_to_val_60m_bps_fut_btc,True,True,True,True,True
dist_to_val_60m_bps_fut_eth,True,True,True,True,True
dist_to_week_low_bps_fut_btc,False,False,True,False,True
dist_to_week_open_bps_fut_btc,True,False,False,False,True
ema_200_15m_fut_btc,False,False,True,True,True
ema_200_15m_fut_eth,True,True,True,False,True
ema_200_240m_fut_btc,True,True,True,True,True
ema_200_240m_fut_eth,False,True,True,False,True
ema_200_5m_fut_btc,True,True,True,False,True
ema_200_5m_fut_eth,True,True,True,False,True
ema_200_60m_fut_btc,True,True,True,False,True
ema_200_60m_fut_eth,False,False,True,False,True
ema_50_15m_fut_btc,True,True,False,False,True
ema_50_15m_fut_eth,True,False,True,False,True
ema_50_240m_fut_btc,True,True,True,True,True
ema_50_240m_fut_eth,False,False,True,False,True
ema_50_5m_fut_btc,False,True,False,False,True
ema_50_5m_fut_eth,False,True,False,False,True
ema_50_60m_fut_btc,False,True,False,False,True
ema_50_60m_fut_eth,False,True,False,False,True
ema_slope_200_15m_bps_fut_btc,True,False,True,False,True
ema_slope_200_240m_bps_fut_btc,True,True,False,False,True
ema_slope_200_240m_bps_fut_eth,True,False,True,False,False
ema_slope_200_60m_bps_fut_btc,True,False,True,True,True
ema_slope_200_60m_bps_fut_eth,False,True,True,True,True
ema_slope_50_15m_bps_fut_btc,False,False,True,False,True
ema_slope_50_15m_bps_fut_eth,False,True,True,False,True
ema_slope_50_240m_bps_fut_btc,True,True,True,False,True
ema_slope_50_240m_bps_fut_eth,True,True,True,False,True
ema_slope_50_60m_bps_fut_btc,True,True,False,False,True
ema_slope_50_60m_bps_fut_eth,False,True,True,False,True
fill_rate_ahead_fut_1bps_15s_btc,False,True,True,True,True
fill_rate_ahead_fut_1bps_15s_eth,False,True,False,True,False
fill_rate_ahead_spot_1bps_15s_btc,False,True,True,True,True
fill_rate_ahead_spot_1bps_15s_eth,False,True,True,True,True
flow_depth_align_fut_struct100_300s_btc,False,False,True,True,False
flow_depth_align_fut_struct100_300s_eth,True,False,False,False,False
flow_depth_align_spot_struct100_300s_btc,False,False,False,True,False
flow_depth_align_spot_struct100_300s_eth,True,False,True,False,False
flow_depth_align_spot_struct100_60s_btc,False,False,False,True,False
flow_depth_align_spot_struct100_60s_eth,False,False,False,True,False
impact_per_liquidity_fut_2bps_300s_btc,False,True,True,False,True
impact_per_liquidity_fut_2bps_300s_eth,False,True,True,True,True
impact_per_liquidity_fut_2bps_900s_btc,False,True,False,False,True
impact_per_liquidity_fut_2bps_900s_eth,False,True,True,False,True
impact_per_liquidity_fut_5bps_300s_btc,True,True,False,True,True
impact_per_liquidity_fut_5bps_300s_eth,False,False,True,False,False
impact_per_liquidity_fut_5bps_60s_btc,True,False,False,True,False
impact_per_liquidity_fut_5bps_60s_eth,True,True,False,True,True
impact_per_liquidity_fut_5bps_900s_btc,True,False,True,False,True
impact_per_liquidity_fut_5bps_900s_eth,True,True,True,False,True
impact_per_liquidity_spot_2bps_300s_btc,True,True,False,False,True
impact_per_liquidity_spot_2bps_300s_eth,False,False,True,False,False
impact_per_liquidity_spot_2bps_60s_btc,False,True,False,True,False
impact_per_liquidity_spot_2bps_60s_eth,True,True,False,False,True
impact_per_liquidity_spot_2bps_900s_btc,True,False,False,False,True
impact_per_liquidity_spot_2bps_900s_eth,False,False,False,True,False
impact_per_liquidity_spot_5bps_300s_btc,False,True,True,True,True
impact_per_liquidity_spot_5bps_300s_eth,True,False,True,False,True
impact_per_liquidity_spot_5bps_60s_eth,True,True,False,False,False
impact_per_liquidity_spot_5bps_900s_btc,True,True,False,True,True
impact_per_liquidity_spot_5bps_900s_eth,True,False,True,False,True
impact_per_signed_fut_60s_btc,False,False,False,True,False
impact_per_signed_fut_900s_btc,True,True,True,False,True
impact_per_signed_fut_900s_eth,True,True,True,True,True
impact_per_signed_fut_persist_900s_btc,False,True,False,False,True
impact_per_signed_fut_persist_900s_eth,False,True,True,False,True
impact_per_signed_shock_fut_60s_btc,True,False,False,True,False
impact_per_signed_shock_fut_60s_eth,False,False,False,True,False
impact_per_signed_shock_spot_60s_eth,False,True,False,True,False
impact_per_signed_spot_900s_btc,True,True,True,False,True
impact_per_signed_spot_900s_eth,True,True,True,False,True
impact_per_signed_spot_persist_900s_btc,False,False,True,False,False
liq_cluster_asymmetry_fut_struct100_300s_btc,True,True,True,True,False
liq_cluster_asymmetry_fut_struct100_300s_eth,True,False,False,True,False
liq_cluster_asymmetry_fut_struct100_60s_btc,False,False,False,True,False
liq_cluster_asymmetry_fut_struct50_300s_btc,True,True,False,False,False
liq_cluster_asymmetry_fut_struct50_300s_eth,True,False,True,True,False
liq_cluster_asymmetry_fut_struct50_60s_btc,False,False,False,True,False
liq_cluster_asymmetry_fut_struct50_60s_eth,False,False,False,True,False
liq_cluster_asymmetry_spot_struct100_300s_btc,True,False,False,True,False
liq_cluster_asymmetry_spot_struct50_300s_btc,False,False,False,True,False
liq_cluster_asymmetry_spot_struct50_300s_eth,False,False,True,True,False
liq_cluster_asymmetry_spot_struct50_60s_btc,False,False,False,True,False
liq_concentration_ask_fut_struct100_300s_eth,True,True,True,True,True
liq_concentration_ask_fut_struct100_60s_eth,False,False,True,False,False
liq_concentration_ask_fut_struct100_900s_btc,True,True,True,False,True
liq_concentration_ask_fut_struct100_900s_eth,True,True,True,False,True
liq_concentration_ask_fut_struct50_300s_eth,True,True,True,False,True
liq_concentration_ask_fut_struct50_60s_eth,True,False,False,False,False
liq_concentration_ask_fut_struct50_900s_btc,True,True,True,False,True
liq_concentration_ask_fut_struct50_900s_eth,True,True,False,False,False
liq_concentration_ask_spot_struct100_300s_eth,True,False,False,False,False
liq_concentration_ask_spot_struct100_60s_btc,True,True,False,True,False
liq_concentration_ask_spot_struct100_900s_btc,True,True,True,False,True
liq_concentration_ask_spot_struct100_900s_eth,True,True,True,False,True
liq_concentration_ask_spot_struct50_300s_btc,False,True,False,False,False
liq_concentration_ask_spot_struct50_300s_eth,True,True,True,True,True
liq_concentration_ask_spot_struct50_60s_eth,False,False,False,True,False
liq_concentration_ask_spot_struct50_900s_btc,True,True,False,True,True
liq_concentration_ask_spot_struct50_900s_eth,True,True,True,True,True
liq_concentration_bid_fut_struct100_300s_btc,True,False,False,False,False
liq_concentration_bid_fut_struct100_300s_eth,False,True,True,False,False
liq_concentration_bid_fut_struct100_60s_eth,False,False,True,True,False
liq_concentration_bid_fut_struct100_900s_btc,True,True,True,False,True
liq_concentration_bid_fut_struct100_900s_eth,True,True,True,False,True
liq_concentration_bid_fut_struct50_1s_btc,False,True,False,False,False
liq_concentration_bid_fut_struct50_300s_eth,True,False,False,False,False
liq_concentration_bid_fut_struct50_60s_eth,False,False,False,True,False
liq_concentration_bid_fut_struct50_900s_eth,True,True,False,False,True
liq_concentration_bid_spot_struct100_1s_btc,False,False,False,True,False
liq_concentration_bid_spot_struct100_300s_btc,False,True,False,False,False
liq_concentration_bid_spot_struct100_300s_eth,True,True,True,False,True
liq_concentration_bid_spot_struct100_60s_btc,False,False,False,True,False
liq_concentration_bid_spot_struct100_60s_eth,True,False,False,True,True
liq_concentration_bid_spot_struct100_900s_btc,True,True,True,False,True
liq_concentration_bid_spot_struct100_900s_eth,True,True,True,False,True
liq_concentration_bid_spot_struct50_300s_eth,False,False,True,False,False
liq_concentration_bid_spot_struct50_900s_btc,False,False,True,True,True
liq_concentration_bid_spot_struct50_900s_eth,True,True,False,False,True
liq_concentration_div_fut_minus_spot_struct100_300s_btc,True,True,False,False,False
liq_concentration_div_fut_minus_spot_struct100_300s_eth,False,False,True,False,False
liq_concentration_div_fut_minus_spot_struct100_60s_eth,False,False,False,True,False
liq_concentration_div_fut_minus_spot_struct100_900s_btc,True,True,True,True,True
liq_concentration_div_fut_minus_spot_struct100_900s_eth,True,False,True,False,True
liq_concentration_div_fut_minus_spot_struct50_300s_btc,True,False,True,False,False
liq_concentration_div_fut_minus_spot_struct50_60s_eth,False,False,False,True,False
liq_concentration_div_fut_minus_spot_struct50_900s_btc,False,True,True,True,True
liq_concentration_div_fut_minus_spot_struct50_900s_eth,True,True,True,False,False
liq_concentration_fut_struct100_1s_eth,False,False,False,True,False
liq_concentration_fut_struct100_300s_eth,False,False,True,True,False
liq_concentration_fut_struct100_900s_btc,True,True,True,False,True
liq_concentration_fut_struct100_900s_eth,True,True,True,False,True
liq_concentration_fut_struct50_300s_btc,False,True,False,True,False
liq_concentration_fut_struct50_60s_btc,False,False,False,True,False
liq_concentration_fut_struct50_900s_btc,True,True,True,True,True
liq_concentration_fut_struct50_900s_eth,True,True,True,False,True
liq_concentration_spot_struct100_300s_btc,True,False,False,False,False
liq_concentration_spot_struct100_300s_eth,True,True,True,False,True
liq_concentration_spot_struct100_60s_btc,False,False,False,True,False
liq_concentration_spot_struct100_60s_eth,False,False,False,True,False
liq_concentration_spot_struct100_900s_btc,False,True,True,False,True
liq_concentration_spot_struct100_900s_eth,True,False,True,False,True
liq_concentration_spot_struct50_300s_eth,True,False,False,False,False
liq_concentration_spot_struct50_60s_btc,True,False,False,False,False
liq_concentration_spot_struct50_60s_eth,False,False,False,True,False
liq_concentration_spot_struct50_900s_btc,True,False,True,False,True
liq_concentration_spot_struct50_900s_eth,True,True,True,True,True
liq_imb_div_fut_minus_spot_struct100_300s_btc,False,True,True,False,False
liq_imb_div_fut_minus_spot_struct100_300s_eth,False,True,False,False,True
liq_imb_div_fut_minus_spot_struct100_60s_btc,True,False,False,False,False
liq_imb_div_fut_minus_spot_struct100_60s_eth,True,False,False,True,False
liq_imb_div_fut_minus_spot_struct100_900s_btc,True,False,False,False,False
liq_imb_div_fut_minus_spot_struct100_900s_eth,True,False,True,True,True
liq_imb_div_fut_minus_spot_struct50_300s_btc,True,False,False,False,False
liq_imb_div_fut_minus_spot_struct50_300s_eth,True,True,True,False,False
liq_imb_div_fut_minus_spot_struct50_60s_btc,True,False,False,False,False
liq_imb_div_fut_minus_spot_struct50_60s_eth,True,False,False,True,False
liq_imb_div_fut_minus_spot_struct50_900s_btc,False,False,True,False,False
liq_imb_div_fut_minus_spot_struct50_900s_eth,True,True,True,False,False
liq_imb_fut_struct100_300s_btc,True,True,True,True,False
liq_imb_fut_struct100_300s_eth,False,False,True,True,False
liq_imb_fut_struct100_60s_btc,True,False,False,False,False
liq_imb_fut_struct100_900s_btc,True,False,True,False,True
liq_imb_fut_struct100_900s_eth,False,True,True,True,True
liq_imb_fut_struct50_300s_btc,True,False,True,True,False
liq_imb_fut_struct50_300s_eth,False,False,True,False,False
liq_imb_fut_struct50_60s_eth,True,False,False,True,False
liq_imb_fut_struct50_900s_btc,True,True,True,False,False
liq_imb_fut_struct50_900s_eth,True,True,True,False,True
liq_imb_sf_struct100_300s_btc,True,True,False,True,False
liq_imb_sf_struct100_300s_eth,True,False,True,True,False
liq_imb_sf_struct100_900s_btc,True,False,True,False,True
liq_imb_sf_struct100_900s_eth,True,True,False,False,True
liq_imb_sf_struct50_300s_btc,True,False,False,False,False
liq_imb_sf_struct50_300s_eth,True,False,False,False,False
liq_imb_sf_struct50_900s_eth,True,True,False,False,False
liq_imb_spot_struct100_300s_btc,True,False,False,False,False
liq_imb_spot_struct100_300s_eth,True,True,True,False,True
liq_imb_spot_struct100_60s_eth,True,False,True,False,False
liq_imb_spot_struct100_900s_btc,False,True,True,False,True
liq_imb_spot_struct100_900s_eth,True,False,True,False,True
liq_imb_spot_struct50_300s_btc,False,True,True,False,True
liq_imb_spot_struct50_300s_eth,True,False,True,True,True
liq_imb_spot_struct50_900s_btc,True,True,True,False,True
liq_imb_spot_struct50_900s_eth,False,True,False,True,True
liq_sum_fut_10bps_1s_btc,False,False,False,True,False
liq_sum_fut_300s_btc,True,True,True,True,True
liq_sum_fut_300s_eth,False,True,False,False,False
liq_sum_fut_60s_btc,True,False,False,True,False
liq_sum_fut_900s_btc,False,True,True,False,True
liq_sum_fut_900s_eth,True,True,True,False,True
liq_sum_spot_300s_btc,False,True,True,True,True
liq_sum_spot_300s_eth,True,True,True,False,False
liq_sum_spot_60s_btc,True,False,False,False,False
liq_sum_spot_60s_eth,False,False,True,False,True
liq_sum_spot_900s_btc,True,True,True,True,True
liq_sum_spot_900s_eth,True,True,True,False,True
lwp_mid_10bps_fut_60s_btc,False,False,True,False,False
lwp_mid_10bps_fut_60s_eth,True,False,False,False,False
mad_absorption_break_fut_15s_eth,False,False,False,True,False
mad_absorption_break_fut_60s_btc,False,False,False,True,False
mad_absorption_break_spot_60s_btc,True,False,False,False,False
mad_impact_per_signed_fut_15s_btc,False,True,True,False,True
mad_impact_per_signed_fut_15s_eth,True,True,True,True,False
mad_impact_per_signed_fut_5s_btc,True,True,True,True,True
mad_impact_per_signed_fut_5s_eth,True,True,True,True,True
mad_impact_per_signed_fut_60s_btc,True,True,False,True,False
mad_impact_per_signed_fut_60s_eth,True,True,False,False,False
mad_impact_per_signed_spot_15s_btc,False,True,True,False,True
mad_impact_per_signed_spot_15s_eth,True,True,False,True,True
mad_impact_per_signed_spot_5s_btc,False,False,True,False,True
mad_impact_per_signed_spot_5s_eth,False,True,True,False,True
mad_impact_per_signed_spot_60s_btc,True,False,True,True,True
mad_impact_per_signed_spot_60s_eth,True,True,False,False,False
mad_net_pressure_fut_10bps_60s_eth,True,False,False,False,False
mad_net_pressure_fut_1bps_60s_eth,False,False,False,True,False
mad_net_pressure_fut_5bps_15s_eth,False,False,False,True,False
mad_net_pressure_spot_10bps_15s_btc,False,False,False,True,False
mad_net_pressure_spot_1bps_60s_btc,False,False,False,True,False
mad_net_pressure_spot_1bps_60s_eth,True,False,False,True,False
mad_net_pressure_spot_5bps_15s_btc,False,False,False,True,False
mad_net_pressure_spot_5bps_60s_eth,True,False,False,False,False
mad_pull_rate_fut_1bps_5s_btc,False,False,False,True,False
mad_pull_rate_fut_1bps_60s_btc,False,False,False,True,False
mad_pull_rate_fut_2bps_5s_eth,False,False,False,True,False
mad_pull_rate_fut_5bps_15s_btc,False,False,False,True,False
mad_pull_rate_fut_5bps_60s_btc,True,False,False,False,False
mad_pull_rate_fut_5bps_60s_eth,False,False,False,True,False
mad_pull_rate_spot_10bps_60s_btc,True,False,False,False,False
mad_pull_rate_spot_1bps_5s_eth,False,False,False,True,False
mad_pull_rate_spot_1bps_60s_btc,True,False,False,False,False
mad_pull_rate_spot_1bps_60s_eth,False,False,True,False,False
mad_pull_rate_spot_5bps_15s_eth,False,False,False,True,False
mad_queue_pressure_fut_10bps_60s_btc,True,False,False,True,False
mad_queue_pressure_fut_10bps_60s_eth,False,False,False,True,False
mad_queue_pressure_fut_5bps_15s_eth,False,False,False,True,False
mad_queue_pressure_fut_5bps_60s_btc,True,False,False,False,False
mad_queue_pressure_spot_10bps_15s_eth,False,False,False,True,False
mad_queue_pressure_spot_10bps_60s_eth,False,False,False,True,False
mad_queue_pressure_spot_2bps_60s_btc,False,False,False,True,False
mad_queue_pressure_spot_5bps_60s_btc,False,False,False,True,False
mad_queue_pressure_spot_5bps_60s_eth,True,False,False,False,False
mad_refill_rate_fut_1bps_60s_btc,False,True,False,True,False
mad_refill_rate_fut_1bps_60s_eth,False,False,True,False,False
mad_refill_rate_fut_5bps_60s_eth,False,False,False,True,False
mad_refill_rate_spot_10bps_15s_eth,False,False,False,True,False
mad_refill_rate_spot_10bps_60s_eth,False,False,False,True,False
mad_refill_rate_spot_1bps_60s_btc,False,True,False,True,False
mad_refill_rate_spot_1bps_60s_eth,True,False,False,True,False
mad_refill_rate_spot_5bps_15s_btc,False,False,False,True,False
mad_refill_rate_spot_5bps_5s_btc,False,False,False,True,False
mad_refill_rate_spot_5bps_60s_eth,False,False,False,True,False
mad_taker_imbalance_fut_15s_btc,True,True,True,True,True
mad_taker_imbalance_fut_15s_eth,True,False,True,False,False
mad_taker_imbalance_fut_5s_btc,False,True,False,True,True
mad_taker_imbalance_fut_5s_eth,True,False,True,False,False
mad_taker_imbalance_fut_60s_btc,True,True,False,False,True
mad_taker_imbalance_fut_60s_eth,True,False,True,False,False
mad_taker_imbalance_spot_15s_btc,True,True,False,False,False
mad_taker_imbalance_spot_15s_eth,True,False,True,False,False
mad_taker_imbalance_spot_5s_btc,False,False,False,True,False
mad_taker_imbalance_spot_5s_eth,True,False,True,True,False
mad_taker_imbalance_spot_60s_btc,True,True,True,False,True
mad_taker_imbalance_spot_60s_eth,True,False,True,True,False
mad_vacuum_score_fut_5bps_60s_btc,False,False,False,True,False
mad_vacuum_score_spot_10bps_60s_eth,True,False,False,True,False
mad_vacuum_score_spot_5bps_60s_btc,False,False,False,True,False
mad_vacuum_score_spot_5bps_60s_eth,True,False,False,False,False
max_bps_ask_fut_1s_btc,False,True,True,False,True
max_bps_ask_fut_300s_btc,False,True,True,True,True
max_bps_ask_fut_300s_eth,True,False,False,True,True
max_bps_ask_fut_60s_btc,False,True,True,True,True
max_bps_ask_fut_60s_eth,True,False,True,False,False
max_bps_ask_fut_900s_btc,True,True,True,True,True
max_bps_ask_fut_900s_eth,False,False,True,False,True
max_bps_ask_spot_1s_btc,True,False,False,True,False
max_bps_ask_spot_1s_eth,False,True,True,True,True
max_bps_ask_spot_300s_btc,True,True,False,True,False
max_bps_ask_spot_300s_eth,True,True,True,True,True
max_bps_ask_spot_60s_btc,True,False,False,False,False
max_bps_ask_spot_60s_eth,False,False,True,False,False
max_bps_ask_spot_900s_btc,True,False,True,False,True
max_bps_ask_spot_900s_eth,True,True,True,False,True
max_bps_bid_fut_1s_eth,False,False,False,True,False
max_bps_bid_fut_300s_btc,True,False,True,False,True
max_bps_bid_fut_300s_eth,False,True,True,False,False
max_bps_bid_fut_60s_btc,False,False,False,True,False
max_bps_bid_fut_60s_eth,False,True,True,False,True
max_bps_bid_fut_900s_btc,True,True,True,False,True
max_bps_bid_fut_900s_eth,False,True,True,True,True
max_bps_bid_spot_1s_btc,True,True,False,False,True
max_bps_bid_spot_1s_eth,True,False,True,False,False
max_bps_bid_spot_300s_btc,True,True,True,True,True
max_bps_bid_spot_300s_eth,True,False,True,False,True
max_bps_bid_spot_60s_btc,True,False,False,True,False
max_bps_bid_spot_60s_eth,False,True,False,False,False
max_bps_bid_spot_900s_btc,True,False,True,True,True
max_bps_bid_spot_900s_eth,True,True,True,False,True
max_liq_distance_ask_5bps_fut_1s_eth,True,False,False,False,False
max_liq_distance_ask_fut_5bps_300s_btc,True,False,False,True,False
max_liq_distance_ask_fut_5bps_300s_eth,False,True,False,True,True
max_liq_distance_ask_fut_5bps_60s_eth,False,True,False,False,False
max_liq_distance_ask_spot_5bps_300s_btc,True,False,False,False,False
max_liq_distance_ask_spot_5bps_60s_btc,True,False,False,False,False
max_liq_distance_ask_struct100_fut_1s_eth,False,False,False,True,False
max_liq_distance_ask_struct100_spot_1s_eth,False,False,False,True,False
max_liq_distance_bid_5bps_fut_1s_eth,True,False,False,True,False
max_liq_distance_bid_fut_5bps_300s_btc,False,False,True,False,False
max_liq_distance_bid_fut_5bps_300s_eth,False,True,False,False,True
max_liq_distance_bid_fut_5bps_60s_eth,False,False,False,True,False
max_liq_distance_bid_spot_5bps_300s_btc,True,True,False,False,False
max_liq_distance_bid_spot_5bps_300s_eth,False,True,False,True,True
max_liq_distance_bid_struct100_spot_1s_btc,False,False,False,True,False
max_liq_distance_bid_struct100_spot_1s_eth,False,False,False,True,False
median_absorption_break_fut_15s_btc,False,False,False,True,False
median_absorption_break_fut_15s_eth,False,False,False,True,False
median_absorption_break_fut_60s_btc,False,False,False,True,False
median_absorption_break_fut_60s_eth,False,True,False,True,False
median_absorption_break_spot_15s_btc,False,False,False,True,False
median_absorption_break_spot_15s_eth,False,False,False,True,False
median_absorption_break_spot_60s_btc,True,False,False,True,False
median_absorption_break_spot_60s_eth,True,False,False,True,False
median_impact_per_signed_fut_15s_btc,True,False,True,True,False
median_impact_per_signed_fut_15s_eth,False,True,False,True,False
median_impact_per_signed_fut_5s_btc,False,True,True,False,True
median_impact_per_signed_fut_5s_eth,False,False,True,False,True
median_impact_per_signed_fut_60s_btc,False,True,True,True,True
median_impact_per_signed_fut_60s_eth,True,True,False,False,True
median_impact_per_signed_spot_15s_btc,True,True,False,False,True
median_impact_per_signed_spot_15s_eth,True,False,False,True,False
median_impact_per_signed_spot_5s_btc,True,True,True,True,True
median_impact_per_signed_spot_5s_eth,True,True,True,True,True
median_impact_per_signed_spot_60s_btc,True,True,False,False,False
median_impact_per_signed_spot_60s_eth,True,True,False,True,False
median_net_pressure_fut_10bps_60s_btc,False,False,False,True,False
median_net_pressure_fut_1bps_15s_eth,False,False,False,True,False
median_net_pressure_fut_1bps_60s_btc,True,True,False,False,True
median_net_pressure_fut_1bps_60s_eth,False,True,False,True,True
median_net_pressure_fut_2bps_60s_btc,False,False,False,True,False
median_net_pressure_fut_5bps_60s_btc,False,False,False,True,False
median_net_pressure_spot_1bps_15s_btc,False,False,False,True,False
median_net_pressure_spot_1bps_60s_btc,True,False,False,True,False
median_net_pressure_spot_1bps_60s_eth,False,True,True,True,False
median_net_pressure_spot_2bps_60s_btc,False,False,False,True,False
median_pull_rate_fut_10bps_15s_btc,False,False,False,True,False
median_pull_rate_fut_10bps_60s_btc,True,False,False,False,False
median_pull_rate_fut_10bps_60s_eth,True,False,True,False,False
median_pull_rate_fut_1bps_60s_btc,False,True,False,False,False
median_pull_rate_fut_1bps_60s_eth,False,True,False,False,True
median_pull_rate_spot_10bps_5s_btc,False,False,False,True,False
median_pull_rate_spot_10bps_60s_btc,False,True,False,False,False
median_pull_rate_spot_5bps_15s_btc,False,False,False,True,False
median_queue_pressure_fut_10bps_60s_btc,True,False,False,False,False
median_queue_pressure_fut_2bps_60s_btc,False,True,False,True,False
median_queue_pressure_spot_10bps_60s_btc,True,False,True,True,False
median_queue_pressure_spot_2bps_15s_btc,False,False,False,True,False
median_queue_pressure_spot_2bps_15s_eth,False,False,False,True,False
median_queue_pressure_spot_2bps_60s_btc,True,False,False,False,False
median_queue_pressure_spot_2bps_60s_eth,False,True,False,True,False
median_queue_pressure_spot_5bps_15s_btc,False,False,False,True,False
median_queue_pressure_spot_5bps_60s_btc,True,False,True,False,True
median_queue_pressure_spot_5bps_60s_eth,False,False,False,True,False
median_refill_rate_fut_10bps_5s_eth,False,False,False,True,False
median_refill_rate_fut_10bps_60s_eth,True,False,False,False,False
median_refill_rate_fut_1bps_60s_btc,False,True,True,True,True
median_refill_rate_fut_1bps_60s_eth,True,False,False,False,False
median_refill_rate_fut_2bps_5s_btc,False,False,False,True,False
median_refill_rate_spot_10bps_15s_btc,False,False,False,True,False
median_refill_rate_spot_10bps_15s_eth,False,False,False,True,False
median_refill_rate_spot_10bps_60s_eth,False,False,False,True,False
median_refill_rate_spot_1bps_60s_btc,False,False,True,False,True
median_refill_rate_spot_1bps_60s_eth,False,True,True,False,True
median_refill_rate_spot_5bps_15s_btc,False,False,False,True,False
median_refill_rate_spot_5bps_15s_eth,False,False,False,True,False
median_taker_imbalance_fut_15s_btc,False,True,False,False,False
median_taker_imbalance_fut_15s_eth,True,True,False,False,False
median_taker_imbalance_fut_5s_btc,False,True,False,False,False
median_taker_imbalance_fut_5s_eth,False,False,False,True,False
median_taker_imbalance_spot_15s_btc,True,True,False,False,True
median_taker_imbalance_spot_15s_eth,True,False,False,False,False
median_taker_imbalance_spot_5s_btc,True,False,False,True,False
median_taker_imbalance_spot_5s_eth,False,False,True,False,False
median_taker_imbalance_spot_60s_btc,True,False,True,False,False
median_taker_imbalance_spot_60s_eth,True,False,True,True,True
median_vacuum_score_fut_10bps_60s_btc,False,False,False,True,False
median_vacuum_score_fut_10bps_60s_eth,True,False,False,True,False
median_vacuum_score_fut_5bps_60s_eth,True,False,False,False,False
median_vacuum_score_spot_10bps_60s_btc,False,False,False,True,False
median_vacuum_score_spot_10bps_60s_eth,False,False,False,True,False
median_vacuum_score_spot_5bps_60s_btc,False,False,False,True,False
median_vacuum_score_spot_5bps_60s_eth,False,False,False,True,False
mid_fut_1s_btc,False,False,True,False,False
net_add_fut_10bps_1s_btc,False,False,False,True,False
net_add_fut_2bps_1s_btc,False,False,False,True,False
net_add_fut_2bps_1s_eth,False,False,False,True,False
net_add_persist_fut_5bps_60s_btc,False,False,False,True,False
net_add_persist_sf_5bps_900s_btc,True,True,False,False,False
net_add_persist_sf_5bps_900s_eth,True,False,True,False,False
net_add_pressure_fut_2bps_1s_eth,False,False,False,True,False
net_cancel_fut_2bps_60s_btc,True,True,False,False,False
net_cancel_fut_2bps_60s_eth,False,False,False,True,False
net_cancel_fut_5bps_60s_btc,False,False,False,True,False
net_cancel_fut_5bps_900s_btc,True,False,False,True,False
net_cancel_fut_5bps_900s_eth,True,True,False,False,True
net_cancel_persist_fut_10bps_60s_btc,True,False,False,False,False
net_cancel_persist_fut_5bps_60s_eth,False,False,False,True,False
net_cancel_persist_sf_5bps_900s_btc,True,True,False,True,False
net_cancel_persist_sf_5bps_900s_eth,True,False,True,False,False
net_cancel_persist_spot_10bps_15s_eth,False,False,False,True,False
net_cancel_persist_spot_10bps_60s_eth,False,False,False,True,False
net_cancel_persist_spot_2bps_60s_btc,True,False,False,False,False
net_cancel_persist_spot_2bps_60s_eth,False,False,False,True,False
net_cancel_persist_spot_5bps_60s_btc,True,False,False,False,False
net_cancel_pressure_fut_2bps_60s_btc,True,True,False,False,False
net_cancel_pressure_fut_5bps_60s_btc,False,False,False,True,False
net_cancel_pressure_spot_2bps_60s_btc,True,False,False,False,False
net_cancel_robust_z_fut_2bps_60s_eth,False,False,False,True,False
net_cancel_robust_z_spot_10bps_60s_btc,False,False,False,True,False
net_cancel_robust_z_spot_10bps_60s_eth,False,False,False,True,False
net_cancel_sf_5bps_900s_btc,True,False,False,False,False
net_cancel_sf_5bps_900s_eth,True,True,False,False,True
net_cancel_spot_10bps_15s_eth,False,False,False,True,False
net_cancel_spot_10bps_60s_eth,False,False,False,True,False
net_cancel_spot_5bps_60s_btc,False,False,False,True,False
net_cancel_spot_5bps_900s_btc,True,False,True,True,True
net_cancel_spot_5bps_900s_eth,True,False,False,False,False
net_pressure_flip_rate_fut_10bps_300s_btc,False,False,False,True,False
net_pressure_flip_rate_fut_5bps_300s_btc,False,False,False,True,False
net_pressure_flip_rate_fut_5bps_60s_btc,False,False,False,True,False
net_pressure_flip_rate_spot_10bps_300s_btc,False,True,False,False,False
net_pressure_flip_rate_spot_5bps_300s_eth,True,False,False,True,False
net_pressure_fut_1bps_60s_btc,False,False,False,True,False
net_pressure_persist_spot_5bps_300s_btc,False,True,False,False,False
net_pressure_persist_spot_5bps_300s_eth,True,False,False,True,False
net_pressure_shock_spot_1bps_60s_btc,False,False,False,True,False
net_pressure_spot_1bps_15s_btc,False,False,False,True,False
net_pressure_spot_1bps_60s_eth,False,False,False,True,False
participation_rate_fut_1s_eth,False,False,False,True,False
poc_1d_fut_btc,False,True,True,False,True
poc_1d_fut_eth,True,False,False,False,True
poc_240m_fut_eth,False,False,False,False,True
poc_60m_fut_btc,False,True,False,False,True
poc_migration_1d_bps_fut_btc,False,False,True,False,True
poc_migration_1d_bps_fut_eth,True,True,True,False,True
poc_migration_240m_bps_fut_btc,True,False,True,False,True
poc_migration_240m_bps_fut_eth,True,True,True,False,True
poc_migration_60m_bps_fut_btc,True,True,True,True,True
poc_migration_60m_bps_fut_eth,False,True,True,True,True
prev_day_high_fut_btc,False,True,False,False,True
prev_day_high_fut_eth,False,True,False,False,True
prev_day_high_spot_btc,False,True,False,False,False
prev_day_high_spot_eth,True,False,True,False,False
prev_day_low_fut_eth,False,False,True,False,False
price_deviation_spot_1s_eth,False,False,False,True,False
price_vs_ema_200_15m_bps_fut_btc,True,True,True,False,True
price_vs_ema_200_15m_bps_fut_eth,True,False,True,False,False
price_vs_ema_200_240m_bps_fut_btc,True,True,True,False,True
price_vs_ema_200_240m_bps_fut_eth,True,True,True,False,True
price_vs_ema_200_5m_bps_fut_btc,True,True,False,False,True
price_vs_ema_200_5m_bps_fut_eth,True,True,False,False,True
price_vs_ema_200_60m_bps_fut_btc,False,True,True,False,True
price_vs_ema_200_60m_bps_fut_eth,True,False,True,True,True
price_vs_ema_50_15m_bps_fut_eth,False,True,True,False,True
price_vs_ema_50_240m_bps_fut_btc,True,False,True,False,False
price_vs_ema_50_240m_bps_fut_eth,False,True,False,False,True
price_vs_ema_50_5m_bps_fut_btc,False,True,True,False,True
price_vs_ema_50_5m_bps_fut_eth,True,False,True,True,False
price_vs_ema_50_60m_bps_fut_btc,False,True,False,False,True
pull_rate_fut_10bps_15s_eth,False,False,False,True,False
pull_rate_fut_1bps_15s_btc,False,False,False,True,False
pull_rate_fut_1bps_15s_eth,False,False,True,True,False
pull_rate_fut_1bps_60s_eth,False,False,True,True,True
pull_rate_fut_2bps_60s_btc,False,True,True,False,True
pull_rate_fut_2bps_60s_eth,False,True,True,True,True
pull_rate_fut_5bps_60s_btc,False,False,True,False,False
pull_rate_fut_5bps_60s_eth,False,False,False,True,False
pull_rate_shock_fut_1bps_60s_btc,False,False,False,True,False
pull_rate_shock_spot_10bps_60s_btc,False,False,False,True,False
pull_rate_shock_spot_5bps_60s_eth,False,False,False,True,False
pull_rate_spot_10bps_15s_btc,False,False,False,True,False
pull_rate_spot_1bps_15s_btc,False,False,True,True,False
pull_rate_spot_1bps_15s_eth,False,False,False,True,False
pull_rate_spot_1bps_5s_btc,False,False,False,True,False
pull_rate_spot_1bps_60s_btc,False,False,True,False,False
pull_rate_spot_1bps_60s_eth,False,False,True,False,True
pull_rate_spot_2bps_15s_btc,False,True,True,True,True
pull_rate_spot_2bps_15s_eth,False,False,True,False,False
pull_rate_spot_2bps_60s_btc,False,True,True,False,True
pull_rate_spot_2bps_60s_eth,False,True,False,True,True
pull_rate_spot_5bps_15s_btc,False,False,False,True,False
pull_rate_spot_5bps_5s_eth,False,False,False,True,False
pull_rate_spot_5bps_60s_btc,True,True,False,True,False
queue_imb_fut_1bps_1s_btc,False,True,False,True,False
queue_imb_fut_1bps_1s_eth,False,True,False,False,False
queue_imb_fut_1bps_60s_btc,False,False,False,True,False
queue_imb_fut_1bps_60s_eth,False,False,False,True,False
queue_imb_fut_2bps_1s_btc,True,False,False,False,False
queue_imb_persist_fut_1bps_300s_btc,False,True,True,False,True
queue_imb_persist_fut_1bps_900s_btc,False,True,True,False,True
queue_imb_persist_fut_1bps_900s_eth,True,True,True,False,True
queue_imb_persist_spot_1bps_300s_btc,False,False,True,False,True
queue_imb_persist_spot_1bps_300s_eth,False,True,True,False,True
queue_imb_persist_spot_1bps_900s_btc,False,True,True,False,True
queue_imb_persist_spot_1bps_900s_eth,True,True,True,True,True
queue_imb_spot_1bps_1s_btc,False,False,False,True,False
queue_imb_spot_1bps_60s_btc,False,False,False,True,False
queue_pressure_div_fut_minus_spot_1bps_60s_eth,True,False,False,True,False
queue_pressure_fut_1bps_1s_btc,True,True,True,True,False
queue_pressure_fut_1bps_1s_eth,False,True,False,True,False
queue_pressure_fut_1bps_60s_btc,True,False,False,False,False
queue_pressure_fut_2bps_1s_eth,False,False,False,True,False
queue_pressure_fut_2bps_60s_btc,True,False,False,False,False
queue_pressure_fut_5bps_60s_btc,False,False,False,True,False
queue_pressure_log_fut_1bps_1s_btc,False,False,True,False,True
queue_pressure_log_fut_2bps_1s_eth,False,False,False,True,False
queue_pressure_log_spot_1bps_1s_eth,False,False,False,True,False
queue_pressure_persist_fut_1bps_300s_btc,False,True,False,False,True
queue_pressure_persist_fut_1bps_300s_eth,False,True,False,True,False
queue_pressure_persist_fut_1bps_900s_btc,False,True,True,True,True
queue_pressure_persist_fut_1bps_900s_eth,False,True,True,False,True
queue_pressure_persist_spot_1bps_300s_btc,False,True,False,False,True
queue_pressure_persist_spot_1bps_300s_eth,True,False,True,False,True
queue_pressure_persist_spot_1bps_900s_btc,True,True,True,True,True
queue_pressure_persist_spot_1bps_900s_eth,False,True,True,False,True
queue_pressure_shock_fut_10bps_60s_eth,False,False,False,True,False
queue_pressure_shock_fut_5bps_60s_eth,False,False,False,True,False
queue_pressure_shock_spot_10bps_60s_eth,False,False,False,True,False
queue_pressure_spot_2bps_60s_eth,False,False,False,True,False
queue_pressure_spot_5bps_60s_btc,True,False,False,False,False
range_pct_fut_3600s_btc,True,True,True,True,True
range_pct_fut_3600s_eth,True,False,True,False,True
range_pct_spot_3600s_btc,True,True,True,True,True
range_pct_spot_3600s_eth,True,True,True,True,True
range_pos_day_fut_btc,False,False,True,False,True
range_pos_day_fut_eth,True,True,True,False,True
range_pos_day_spot_btc,True,True,False,False,True
range_pos_day_spot_eth,True,True,False,True,True
range_pos_fut_3600s_btc,False,False,True,True,False
range_pos_fut_3600s_eth,False,True,True,True,True
range_pos_spot_3600s_btc,True,True,True,False,True
range_pos_spot_3600s_eth,False,True,True,True,True
refill_rate_fut_10bps_15s_btc,False,False,False,True,False
refill_rate_fut_10bps_15s_eth,False,False,False,True,False
refill_rate_fut_10bps_5s_btc,False,False,False,True,False
refill_rate_fut_10bps_60s_eth,False,False,True,False,False
refill_rate_fut_1bps_60s_btc,False,True,True,True,True
refill_rate_fut_1bps_60s_eth,True,True,True,True,True
refill_rate_fut_2bps_60s_btc,False,True,False,False,True
refill_rate_fut_2bps_60s_eth,False,False,True,False,False
refill_rate_fut_5bps_5s_btc,False,False,False,True,False
refill_rate_fut_5bps_5s_eth,False,False,False,True,False
refill_rate_fut_5bps_60s_btc,True,False,False,True,False
refill_rate_fut_5bps_60s_eth,False,False,True,False,True
refill_rate_shock_fut_10bps_60s_btc,False,False,False,True,False
refill_rate_shock_fut_5bps_60s_eth,False,False,False,True,False
refill_rate_shock_spot_1bps_60s_btc,False,False,False,True,False
refill_rate_shock_spot_5bps_60s_btc,False,False,False,True,False
refill_rate_shock_spot_5bps_60s_eth,False,False,False,True,False
refill_rate_spot_10bps_15s_btc,False,False,False,True,False
refill_rate_spot_10bps_15s_eth,False,False,True,True,False
refill_rate_spot_10bps_60s_btc,False,True,False,False,False
refill_rate_spot_10bps_60s_eth,True,True,True,False,False
refill_rate_spot_1bps_60s_btc,False,False,True,False,True
refill_rate_spot_1bps_60s_eth,False,True,True,True,True
refill_rate_spot_2bps_15s_btc,False,False,False,True,False
refill_rate_spot_2bps_60s_btc,False,True,True,True,True
refill_rate_spot_2bps_60s_eth,False,True,True,False,True
refill_rate_spot_5bps_60s_btc,False,False,True,True,True
refill_rate_spot_5bps_60s_eth,False,True,False,True,False
signed_notional_fut_1s_btc,True,False,False,True,False
signed_notional_fut_1s_eth,False,False,False,True,False
signed_notional_spot_1s_eth,False,False,False,True,False
signed_vol_fut_1s_btc,False,False,False,True,False
signed_vol_spot_1s_eth,False,False,False,True,False
spot_fut_taker_activity_share_300s_btc,False,False,True,False,False
spot_fut_taker_activity_share_300s_eth,True,True,True,True,False
spot_fut_taker_activity_share_900s_btc,True,True,True,False,True
spot_fut_taker_activity_share_900s_eth,True,True,True,True,True
spread_fut_300s_btc,False,True,False,True,True
spread_fut_300s_eth,False,True,True,True,True
spread_fut_900s_btc,True,True,True,True,True
spread_fut_900s_eth,False,True,False,False,True
spread_sf_div_300s_btc,True,False,False,True,True
spread_sf_div_60s_eth,False,False,False,True,False
spread_spot_300s_btc,False,True,False,False,False
spread_spot_60s_eth,False,False,True,True,True
spread_spot_900s_btc,False,True,False,True,True
spread_spot_900s_eth,True,False,True,True,True
taker_buy_notional_fut_1s_eth,False,False,False,True,False
taker_buy_notional_spot_1s_btc,False,False,False,True,False
taker_buy_vol_fut_1s_btc,False,False,False,True,False
taker_buy_vol_spot_1s_btc,False,False,False,True,False
taker_imbalance_fut_1s_eth,False,False,False,True,False
taker_imbalance_fut_300s_btc,False,True,False,True,False
taker_imbalance_fut_300s_eth,False,False,False,True,False
taker_imbalance_fut_900s_btc,True,True,False,False,True
taker_imbalance_fut_900s_eth,True,True,False,False,True
taker_imbalance_shock_fut_5s_eth,False,False,False,True,False
taker_imbalance_shock_fut_60s_eth,True,False,False,True,False
taker_imbalance_shock_spot_5s_btc,False,False,False,True,False
taker_imbalance_shock_spot_60s_eth,False,False,False,True,False
taker_imbalance_spot_300s_btc,True,False,False,False,False
taker_imbalance_spot_300s_eth,True,False,True,True,False
taker_imbalance_spot_60s_eth,True,False,False,False,False
taker_imbalance_spot_900s_btc,True,False,True,True,True
taker_imbalance_spot_900s_eth,True,True,True,True,True
taker_sell_notional_fut_1s_eth,False,False,False,True,False
trade_absorption_ratio_fut_60s_btc,True,False,False,True,False
trade_absorption_ratio_fut_60s_eth,False,False,False,True,False
trade_absorption_ratio_fut_900s_btc,True,True,True,False,True
trade_absorption_ratio_fut_900s_eth,True,True,True,False,True
trade_absorption_ratio_spot_60s_eth,False,False,False,True,False
trade_absorption_ratio_spot_900s_btc,True,True,True,False,True
trade_absorption_ratio_spot_900s_eth,False,False,True,False,True
trade_count_fut_1s_btc,False,True,False,True,False
trade_count_fut_1s_eth,False,False,True,False,True
trade_count_fut_300s_btc,False,True,True,True,True
trade_count_fut_300s_eth,True,True,True,False,True
trade_count_fut_60s_eth,False,False,True,False,True
trade_count_fut_900s_btc,True,True,True,False,True
trade_count_fut_900s_eth,False,True,True,True,True
trade_count_fut_div_300s_btc,True,False,False,False,False
trade_count_fut_div_300s_eth,False,True,True,True,True
trade_count_fut_div_60s_btc,True,False,False,True,False
trade_count_fut_div_900s_btc,True,True,True,True,True
trade_count_fut_div_900s_eth,True,False,True,True,True
trade_count_fut_share_300s_btc,True,True,False,False,False
trade_count_fut_share_300s_eth,False,True,True,False,True
trade_count_fut_share_60s_btc,True,False,False,False,False
trade_count_fut_share_60s_eth,True,False,False,True,False
trade_count_fut_share_900s_btc,True,True,True,False,True
trade_count_fut_share_900s_eth,True,True,True,False,False
trade_count_sf_div_300s_btc,False,True,False,False,False
trade_count_sf_div_300s_eth,True,True,True,True,True
trade_count_sf_div_900s_btc,False,True,True,True,True
trade_count_sf_div_900s_eth,True,True,True,False,True
trade_count_sf_share_300s_btc,False,True,False,False,False
trade_count_sf_share_300s_eth,False,True,False,True,True
trade_count_sf_share_900s_btc,True,True,True,False,True
trade_count_sf_share_900s_eth,True,True,True,False,True
trade_count_spot_1s_eth,False,True,True,False,False
trade_count_spot_300s_btc,False,True,True,False,True
trade_count_spot_300s_eth,False,True,True,True,True
trade_count_spot_60s_btc,False,True,False,False,True
trade_count_spot_60s_eth,True,True,True,True,True
trade_count_spot_900s_btc,False,True,True,True,True
trade_count_spot_900s_eth,True,True,True,True,True
trade_count_spot_div_300s_btc,False,False,True,False,False
trade_count_spot_div_300s_eth,True,True,False,True,False
trade_count_spot_div_900s_btc,True,False,True,False,False
trade_count_spot_div_900s_eth,False,True,True,True,True
trade_count_spot_share_300s_btc,True,True,False,True,True
trade_count_spot_share_300s_eth,True,True,False,True,False
trade_count_spot_share_60s_btc,False,False,False,True,False
trade_count_spot_share_900s_btc,True,False,True,False,False
trade_count_spot_share_900s_eth,True,False,True,False,True
trade_size_sf_ratio_300s_btc,True,True,True,False,True
trade_size_sf_ratio_300s_eth,True,True,True,True,True
trade_size_sf_ratio_60s_eth,False,False,False,True,False
vah_1d_fut_btc,False,True,True,False,True
vah_1d_fut_eth,True,False,True,False,True
vah_240m_fut_eth,True,True,True,False,True
vah_60m_fut_btc,False,True,False,False,True
vah_60m_fut_eth,False,True,False,False,True
val_1d_fut_btc,True,False,False,True,True
val_1d_fut_eth,True,False,False,False,True
val_240m_fut_btc,False,True,False,False,True
val_240m_fut_eth,False,False,True,False,True
val_60m_fut_btc,True,False,True,False,True
val_60m_fut_eth,True,False,True,False,True
volume_fut_300s_btc,True,False,True,True,True
volume_fut_300s_eth,True,False,True,True,True
volume_fut_60s_eth,False,False,True,False,False
volume_fut_900s_btc,False,True,True,False,True
volume_fut_900s_eth,True,True,True,True,True
volume_fut_div_delta_300s_btc,True,True,True,False,True
volume_fut_div_delta_300s_eth,True,False,True,False,True
volume_fut_div_delta_900s_btc,True,True,False,False,True
volume_fut_div_delta_900s_eth,True,True,True,False,True
volume_spot_300s_btc,True,True,True,True,False
volume_spot_300s_eth,False,True,True,True,False
volume_spot_60s_btc,True,False,False,False,False
volume_spot_900s_btc,False,False,True,True,True
volume_spot_900s_eth,False,True,True,True,True
volume_spot_div_delta_300s_btc,False,True,True,True,False
volume_spot_div_delta_300s_eth,True,True,False,False,True
volume_spot_div_delta_900s_btc,False,True,False,True,True
volume_spot_div_delta_900s_eth,True,True,True,True,True
vwap_fut_1s_btc,True,False,False,False,False
week_open_fut_btc,True,False,False,False,False
z_avg_trade_size_fut_300s_btc,True,False,False,True,False
z_avg_trade_size_fut_60s_btc,True,False,False,False,False
z_avg_trade_size_spot_300s_eth,True,True,False,False,False
z_avg_trade_size_spot_60s_btc,False,False,False,True,False
z_basis_300s_btc,False,False,False,True,False
z_basis_300s_eth,True,True,False,False,True
z_basis_60s_btc,False,False,False,True,False
z_basis_60s_eth,False,False,False,True,False
z_basis_900s_eth,False,False,False,True,False
z_book_asymmetry_fut_struct100_300s_btc,False,False,False,True,False
z_book_asymmetry_fut_struct100_60s_eth,False,False,False,True,False
z_book_asymmetry_fut_struct100_900s_btc,True,True,False,True,False
z_book_asymmetry_fut_struct100_900s_eth,True,True,True,True,False
z_book_asymmetry_fut_struct50_1s_btc,False,False,False,True,False
z_book_asymmetry_fut_struct50_300s_btc,False,True,False,False,False
z_book_asymmetry_fut_struct50_900s_btc,True,True,False,False,False
z_book_asymmetry_fut_struct50_900s_eth,True,True,True,False,True
z_book_asymmetry_spot_struct100_300s_eth,True,False,False,False,False
z_book_asymmetry_spot_struct100_60s_btc,False,False,False,True,False
z_book_asymmetry_spot_struct100_60s_eth,False,False,False,True,False
z_book_asymmetry_spot_struct100_900s_btc,True,True,True,False,True
z_book_asymmetry_spot_struct100_900s_eth,True,False,True,False,True
z_book_asymmetry_spot_struct50_60s_btc,False,False,False,True,False
z_book_asymmetry_spot_struct50_900s_btc,True,True,True,False,True
z_book_asymmetry_spot_struct50_900s_eth,True,True,True,False,True
z_depth_gradient_fut_struct100_60s_eth,False,False,False,True,False
z_depth_gradient_fut_struct100_900s_eth,True,True,True,False,True
z_depth_gradient_fut_struct50_300s_btc,True,False,False,False,False
z_depth_gradient_fut_struct50_300s_eth,False,False,False,True,False
z_depth_gradient_fut_struct50_60s_btc,False,False,False,True,False
z_depth_gradient_fut_struct50_60s_eth,True,False,False,True,False
z_depth_gradient_fut_struct50_900s_btc,False,False,True,True,False
z_depth_gradient_fut_struct50_900s_eth,True,True,True,True,True
z_depth_gradient_spot_struct100_300s_btc,False,False,False,True,False
z_depth_gradient_spot_struct100_300s_eth,False,False,False,True,False
z_depth_gradient_spot_struct100_60s_btc,False,False,False,True,False
z_depth_gradient_spot_struct100_60s_eth,False,False,False,True,False
z_depth_gradient_spot_struct100_900s_btc,True,True,True,True,True
z_depth_gradient_spot_struct100_900s_eth,False,True,True,True,True
z_depth_gradient_spot_struct50_300s_btc,True,False,False,False,False
z_depth_gradient_spot_struct50_300s_eth,False,False,False,True,False
z_depth_gradient_spot_struct50_60s_eth,False,False,False,True,False
z_depth_gradient_spot_struct50_900s_btc,True,False,True,True,False
z_depth_gradient_spot_struct50_900s_eth,True,True,False,True,False
z_flow_depth_align_fut_struct100_300s_btc,False,True,False,False,False
z_flow_depth_align_spot_struct100_300s_btc,False,True,False,False,False
z_flow_depth_align_spot_struct100_60s_btc,False,False,False,True,False
z_impact_per_signed_fut_60s_btc,False,False,False,True,False
z_liq_concentration_fut_struct100_300s_btc,False,True,False,True,False
z_liq_concentration_fut_struct100_900s_btc,True,False,False,False,False
z_liq_concentration_fut_struct100_900s_eth,True,True,True,True,True
z_liq_concentration_fut_struct50_1s_eth,False,False,False,True,False
z_liq_concentration_fut_struct50_300s_btc,False,False,False,True,False
z_liq_concentration_fut_struct50_300s_eth,False,False,True,False,False
z_liq_concentration_fut_struct50_900s_btc,True,True,True,True,False
z_liq_concentration_fut_struct50_900s_eth,True,True,False,True,False
z_liq_concentration_spot_struct100_300s_btc,False,True,False,True,False
z_liq_concentration_spot_struct100_300s_eth,True,False,False,False,False
z_liq_concentration_spot_struct100_60s_eth,False,False,False,True,False
z_liq_concentration_spot_struct100_900s_btc,False,True,True,True,False
z_liq_concentration_spot_struct100_900s_eth,True,False,True,True,True
z_liq_concentration_spot_struct50_300s_eth,False,True,False,True,False
z_liq_concentration_spot_struct50_60s_btc,False,False,False,True,False
z_liq_concentration_spot_struct50_900s_btc,True,True,False,True,True
z_liq_concentration_spot_struct50_900s_eth,True,False,True,False,False
z_liq_imb_fut_struct100_300s_eth,True,False,False,False,False
z_liq_imb_fut_struct100_60s_btc,False,False,False,True,False
z_liq_imb_fut_struct100_900s_btc,True,False,False,True,False
z_liq_imb_fut_struct100_900s_eth,True,False,True,False,False
z_liq_imb_fut_struct50_300s_eth,False,False,False,True,False
z_liq_imb_fut_struct50_900s_btc,True,True,False,True,False
z_liq_imb_fut_struct50_900s_eth,True,False,False,False,False
z_liq_imb_spot_struct100_300s_btc,True,False,False,False,False
z_liq_imb_spot_struct100_300s_eth,False,False,True,False,False
z_liq_imb_spot_struct100_900s_btc,False,True,False,True,True
z_liq_imb_spot_struct100_900s_eth,False,True,True,False,True
z_liq_imb_spot_struct50_300s_eth,True,False,False,False,False
z_liq_imb_spot_struct50_900s_btc,True,False,False,False,False
z_liq_imb_spot_struct50_900s_eth,True,False,True,False,False
z_lwp_minus_mid_2bps_300s_btc,True,False,False,True,False
z_lwp_minus_mid_2bps_300s_eth,True,False,False,False,False
z_lwp_minus_mid_struct50_300s_btc,False,False,False,True,False
z_net_cancel_fut_5bps_900s_btc,True,False,True,False,True
z_net_cancel_fut_5bps_900s_eth,True,True,False,False,True
z_net_cancel_sf_5bps_900s_btc,True,False,False,False,False
z_net_cancel_sf_5bps_900s_eth,True,False,True,False,False
z_net_cancel_spot_5bps_900s_btc,True,True,True,False,True
z_net_cancel_spot_5bps_900s_eth,True,False,True,True,False
z_price_deviation_60s_btc,False,False,False,True,False
z_pull_rate_fut_1bps_60s_btc,False,False,False,True,False
z_pull_rate_spot_1bps_15s_btc,False,False,False,True,False
z_queue_pressure_fut_1bps_1s_btc,False,False,False,True,False
z_queue_pressure_fut_1bps_1s_eth,True,False,False,False,False
z_queue_pressure_fut_1bps_60s_btc,False,False,False,True,False
z_queue_pressure_fut_2bps_1s_btc,True,False,False,False,False
z_queue_pressure_fut_5bps_1s_btc,True,False,False,True,False
z_queue_pressure_fut_5bps_1s_eth,False,False,False,True,False
z_queue_pressure_spot_1bps_60s_eth,False,False,False,True,False
z_refill_rate_spot_10bps_60s_eth,False,False,False,True,False
z_rv_300s_btc,False,True,True,True,True
z_rv_300s_eth,True,True,False,False,True
z_rv_60s_btc,False,False,False,True,False
z_rv_60s_eth,False,True,False,False,False
z_rv_900s_btc,True,False,True,True,True
z_rv_900s_eth,False,True,True,True,True
z_spread_fut_60s_eth,False,False,False,True,False
z_spread_spot_60s_eth,False,False,False,True,False
z_taker_imbalance_fut_300s_btc,True,True,False,False,True
z_taker_imbalance_fut_300s_eth,True,True,False,True,False
z_taker_imbalance_fut_60s_eth,False,False,False,True,False
z_taker_imbalance_fut_900s_btc,True,True,True,True,True
z_taker_imbalance_fut_900s_eth,True,False,False,False,False
z_taker_imbalance_spot_300s_btc,True,True,False,False,True
z_taker_imbalance_spot_300s_eth,False,True,False,False,False
z_taker_imbalance_spot_900s_btc,True,True,False,True,False
z_taker_imbalance_spot_900s_eth,True,False,False,False,False
z_trade_absorption_ratio_fut_60s_eth,False,False,False,True,False
z_trade_absorption_ratio_fut_900s_btc,True,True,True,True,True
z_trade_absorption_ratio_fut_900s_eth,True,True,True,False,True
z_trade_absorption_ratio_spot_900s_eth,True,True,True,False,False
z_volume_asym_fut_minus_spot_300s_eth,True,False,False,True,False
z_volume_asym_fut_minus_spot_60s_btc,False,False,False,True,False
z_volume_asym_fut_minus_spot_60s_eth,False,False,True,True,False
z_volume_asym_fut_minus_spot_900s_btc,False,True,True,True,True
z_volume_asym_fut_minus_spot_900s_eth,True,False,True,False,False
