feature_name,list,drop_layer,reason,btc_weighted_pctile,eth_weighted_pctile,bnb_weighted_pctile,max_cross_pctile,btc_mean_gain_over_null,eth_mean_gain_over_null
lwp_ask_10bps_fut_1s,primary,correlation_structural,lwp_structural_redundancy,,,,,,
lwp_ask_10bps_spot_1s,primary,correlation_structural,lwp_structural_redundancy,,,,,,
lwp_ask_1bps_fut_1s,primary,correlation_structural,lwp_structural_redundancy,,,,,,
lwp_ask_1bps_spot_1s,primary,correlation_structural,lwp_structural_redundancy,,,,,,
lwp_ask_2bps_fut_1s,primary,correlation_structural,lwp_structural_redundancy,,,,,,
lwp_ask_2bps_spot_1s,primary,correlation_structural,lwp_structural_redundancy,,,,,,
lwp_ask_5bps_fut_1s,primary,correlation_structural,lwp_structural_redundancy,,,,,,
lwp_ask_5bps_spot_1s,primary,correlation_structural,lwp_structural_redundancy,,,,,,
lwp_ask_struct100_fut_1s,primary,correlation_structural,lwp_structural_redundancy,,,,,,
lwp_ask_struct100_spot_1s,primary,correlation_structural,lwp_structural_redundancy,,,,,,
lwp_ask_struct50_fut_1s,primary,correlation_structural,lwp_structural_redundancy,,,,,,
lwp_ask_struct50_spot_1s,primary,correlation_structural,lwp_structural_redundancy,,,,,,
lwp_bid_10bps_fut_1s,primary,correlation_structural,lwp_structural_redundancy,,,,,,
lwp_bid_10bps_spot_1s,primary,correlation_structural,lwp_structural_redundancy,,,,,,
lwp_bid_1bps_fut_1s,primary,correlation_structural,lwp_structural_redundancy,,,,,,
lwp_bid_1bps_spot_1s,primary,correlation_structural,lwp_structural_redundancy,,,,,,
lwp_bid_2bps_fut_1s,primary,correlation_structural,lwp_structural_redundancy,,,,,,
lwp_bid_2bps_spot_1s,primary,correlation_structural,lwp_structural_redundancy,,,,,,
lwp_bid_5bps_fut_1s,primary,correlation_structural,lwp_structural_redundancy,,,,,,
lwp_bid_5bps_spot_1s,primary,correlation_structural,lwp_structural_redundancy,,,,,,
lwp_bid_struct100_fut_1s,primary,correlation_structural,lwp_structural_redundancy,,,,,,
lwp_bid_struct100_spot_1s,primary,correlation_structural,lwp_structural_redundancy,,,,,,
lwp_bid_struct50_fut_1s,primary,correlation_structural,lwp_structural_redundancy,,,,,,
lwp_bid_struct50_spot_1s,primary,correlation_structural,lwp_structural_redundancy,,,,,,
lwp_mid_10bps_fut_1s,primary,correlation_structural,lwp_structural_redundancy,,,,,,
lwp_mid_10bps_fut_300s,primary,correlation_structural,lwp_structural_redundancy,,,,,,
lwp_mid_10bps_fut_900s,primary,correlation_structural,lwp_structural_redundancy,,,,,,
lwp_mid_10bps_spot_1s,primary,correlation_structural,lwp_structural_redundancy,,,,,,
lwp_mid_10bps_spot_300s,primary,correlation_structural,lwp_structural_redundancy,,,,,,
lwp_mid_10bps_spot_900s,primary,correlation_structural,lwp_structural_redundancy,,,,,,
lwp_mid_1bps_fut_1s,primary,correlation_structural,lwp_structural_redundancy,,,,,,
lwp_mid_1bps_spot_1s,primary,correlation_structural,lwp_structural_redundancy,,,,,,
lwp_mid_2bps_fut_1s,primary,correlation_structural,lwp_structural_redundancy,,,,,,
lwp_mid_2bps_spot_1s,primary,correlation_structural,lwp_structural_redundancy,,,,,,
lwp_mid_5bps_fut_1s,primary,correlation_structural,lwp_structural_redundancy,,,,,,
lwp_mid_5bps_fut_300s,primary,correlation_structural,lwp_structural_redundancy,,,,,,
lwp_mid_5bps_fut_60s,primary,correlation_structural,lwp_structural_redundancy,,,,,,
lwp_mid_5bps_fut_900s,primary,correlation_structural,lwp_structural_redundancy,,,,,,
lwp_mid_5bps_spot_1s,primary,correlation_structural,lwp_structural_redundancy,,,,,,
lwp_mid_5bps_spot_300s,primary,correlation_structural,lwp_structural_redundancy,,,,,,
lwp_mid_5bps_spot_60s,primary,correlation_structural,lwp_structural_redundancy,,,,,,
lwp_mid_5bps_spot_900s,primary,correlation_structural,lwp_structural_redundancy,,,,,,
lwp_mid_struct100_fut_1s,primary,correlation_structural,lwp_structural_redundancy,,,,,,
lwp_mid_struct100_fut_300s,primary,correlation_structural,lwp_structural_redundancy,,,,,,
lwp_mid_struct100_fut_60s,primary,correlation_structural,lwp_structural_redundancy,,,,,,
lwp_mid_struct100_fut_900s,primary,correlation_structural,lwp_structural_redundancy,,,,,,
lwp_mid_struct100_spot_1s,primary,correlation_structural,lwp_structural_redundancy,,,,,,
lwp_mid_struct100_spot_300s,primary,correlation_structural,lwp_structural_redundancy,,,,,,
lwp_mid_struct100_spot_60s,primary,correlation_structural,lwp_structural_redundancy,,,,,,
lwp_mid_struct100_spot_900s,primary,correlation_structural,lwp_structural_redundancy,,,,,,
lwp_mid_struct50_fut_1s,primary,correlation_structural,lwp_structural_redundancy,,,,,,
lwp_mid_struct50_fut_300s,primary,correlation_structural,lwp_structural_redundancy,,,,,,
lwp_mid_struct50_fut_60s,primary,correlation_structural,lwp_structural_redundancy,,,,,,
lwp_mid_struct50_fut_900s,primary,correlation_structural,lwp_structural_redundancy,,,,,,
lwp_mid_struct50_spot_1s,primary,correlation_structural,lwp_structural_redundancy,,,,,,
lwp_mid_struct50_spot_300s,primary,correlation_structural,lwp_structural_redundancy,,,,,,
lwp_mid_struct50_spot_60s,primary,correlation_structural,lwp_structural_redundancy,,,,,,
lwp_mid_struct50_spot_900s,primary,correlation_structural,lwp_structural_redundancy,,,,,,
above_prev_week_high_fut_btc,primary,feature_importance_round_1,universal_weak_gain_over_null,,,,,0.0,0.0
above_prev_week_high_fut_eth,primary,feature_importance_round_1,universal_weak_gain_over_null,,,,,0.0,0.0
above_week_open_fut_eth,primary,feature_importance_round_1,universal_weak_gain_over_null,,,,,0.0,0.0
absorption_break_flag_fut_1bps_60s_btc,primary,feature_importance_round_1,universal_weak_gain_over_null,,,,,0.0,0.0
absorption_break_flag_fut_1bps_60s_eth,primary,feature_importance_round_1,universal_weak_gain_over_null,,,,,0.0,0.0
absorption_break_flag_spot_1bps_60s_btc,primary,feature_importance_round_1,universal_weak_gain_over_null,,,,,0.0,0.0
absorption_break_flag_spot_1bps_60s_eth,primary,feature_importance_round_1,universal_weak_gain_over_null,,,,,0.0,0.0
add_rate_bid_spot_1bps_1s_eth,primary,feature_importance_round_1,universal_weak_gain_over_null,,,,,0.0009706523125731,0.0
aggr_absorp_ratio_ask_spot_5bps_1s_btc,primary,feature_importance_round_1,universal_weak_gain_over_null,,,,,0.0,0.0
below_prev_week_low_fut_eth,primary,feature_importance_round_1,universal_weak_gain_over_null,,,,,0.0,0.0
broke_prev_week_high_300s_fut_eth,primary,feature_importance_round_1,universal_weak_gain_over_null,,,,,0.0,0.0
broke_prev_week_high_900s_fut_eth,primary,feature_importance_round_1,universal_weak_gain_over_null,,,,,0.0,0.0
broke_prev_week_low_300s_fut_eth,primary,feature_importance_round_1,universal_weak_gain_over_null,,,,,0.0,0.0
broke_prev_week_low_900s_fut_eth,primary,feature_importance_round_1,universal_weak_gain_over_null,,,,,0.0,0.0
ca_net_pressure_shock_spot_2bps_spread_15s_btceth,primary,feature_importance_round_1,universal_weak_gain_over_null,,,,,0.0003423423660922,0.0
ca_refill_vs_pull_fut_1bps_spread_15s_btceth,primary,feature_importance_round_1,universal_weak_gain_over_null,,,,,0.0,0.0
ca_refill_vs_pull_fut_2bps_spread_60s_btceth,primary,feature_importance_round_1,universal_weak_gain_over_null,,,,,0.0,0.0
ca_refill_vs_pull_spot_1bps_spread_15s_btceth,primary,feature_importance_round_1,universal_weak_gain_over_null,,,,,0.0,0.0
ca_refill_vs_pull_spot_2bps_spread_60s_btceth,primary,feature_importance_round_1,universal_weak_gain_over_null,,,,,0.0,0.0
ca_regime_align_300s_btceth,primary,feature_importance_round_1,universal_weak_gain_over_null,,,,,0.0,0.0
ca_regime_xor_300s_btceth,primary,feature_importance_round_1,universal_weak_gain_over_null,,,,,0.0,0.0
ca_regime_xor_60s_btceth,primary,feature_importance_round_1,universal_weak_gain_over_null,,,,,0.0,0.0
d1_pull_rate_spot_2bps_15s_eth,primary,feature_importance_round_1,universal_weak_gain_over_null,,,,,0.0009872015851891,0.0054297110936839
d1_refill_rate_spot_10bps_5s_eth,primary,feature_importance_round_1,universal_weak_gain_over_null,,,,,0.0013169926178851,0.0094773949408545
d2_net_pressure_spot_5bps_15s_btc,primary,feature_importance_round_1,universal_weak_gain_over_null,,,,,0.0001592745585535,0.0022429069583369
d2_pull_rate_spot_5bps_15s_btc,primary,feature_importance_round_1,universal_weak_gain_over_null,,,,,0.0004275644594421,0.0040366192418309
d2_refill_rate_fut_1bps_5s_btc,primary,feature_importance_round_1,universal_weak_gain_over_null,,,,,0.0004664209384684,0.004821159620651
d2_refill_rate_fut_2bps_5s_btc,primary,feature_importance_round_1,universal_weak_gain_over_null,,,,,0.0009085861713059,0.0044901306390141
d2_refill_rate_spot_1bps_5s_eth,primary,feature_importance_round_1,universal_weak_gain_over_null,,,,,0.0016839718842987,0.0004695429531674
dir_consistency_persist_spot_60_over_900_btc,primary,feature_importance_round_1,universal_weak_gain_over_null,,,,,0.0,0.0
dir_consistency_persist_spot_60_over_900_eth,primary,feature_importance_round_1,universal_weak_gain_over_null,,,,,0.0,0.0
dist_to_fib_382_month_bps_fut_btc,primary,feature_importance_round_1,universal_weak_gain_over_null,,,,,0.0,0.0
dist_to_fib_382_month_bps_fut_eth,primary,feature_importance_round_1,universal_weak_gain_over_null,,,,,0.0,0.0
dist_to_fib_382_week_bps_fut_eth,primary,feature_importance_round_1,universal_weak_gain_over_null,,,,,0.0,0.0
dist_to_fib_500_week_bps_fut_eth,primary,feature_importance_round_1,universal_weak_gain_over_null,,,,,0.0,0.0
dist_to_fib_618_month_bps_fut_btc,primary,feature_importance_round_1,universal_weak_gain_over_null,,,,,0.0,0.0
dist_to_fib_618_month_bps_fut_eth,primary,feature_importance_round_1,universal_weak_gain_over_null,,,,,0.0,0.0
dist_to_fib_618_week_bps_fut_eth,primary,feature_importance_round_1,universal_weak_gain_over_null,,,,,0.0,0.0
dist_to_fib_786_week_bps_fut_eth,primary,feature_importance_round_1,universal_weak_gain_over_null,,,,,0.0,0.0
dist_to_monday_high_bps_fut_eth,primary,feature_importance_round_1,universal_weak_gain_over_null,,,,,0.0,0.0
dist_to_monday_low_bps_fut_eth,primary,feature_importance_round_1,universal_weak_gain_over_null,,,,,0.0,0.0
dist_to_month_high_bps_fut_btc,primary,feature_importance_round_1,universal_weak_gain_over_null,,,,,0.0,0.0
dist_to_month_high_bps_fut_eth,primary,feature_importance_round_1,universal_weak_gain_over_null,,,,,0.0,0.0
dist_to_month_low_bps_fut_btc,primary,feature_importance_round_1,universal_weak_gain_over_null,,,,,0.0,0.0
dist_to_month_low_bps_fut_eth,primary,feature_importance_round_1,universal_weak_gain_over_null,,,,,0.0,0.0
dist_to_month_open_bps_fut_btc,primary,feature_importance_round_1,universal_weak_gain_over_null,,,,,0.0,0.0
dist_to_month_open_bps_fut_eth,primary,feature_importance_round_1,universal_weak_gain_over_null,,,,,0.0,0.0
dist_to_prev_month_high_bps_fut_btc,primary,feature_importance_round_1,universal_weak_gain_over_null,,,,,0.0,0.0
dist_to_prev_month_high_bps_fut_eth,primary,feature_importance_round_1,universal_weak_gain_over_null,,,,,0.0,0.0
dist_to_prev_month_low_bps_fut_btc,primary,feature_importance_round_1,universal_weak_gain_over_null,,,,,0.0,0.0
dist_to_prev_month_low_bps_fut_eth,primary,feature_importance_round_1,universal_weak_gain_over_null,,,,,0.0,0.0
dist_to_prev_week_high_bps_fut_eth,primary,feature_importance_round_1,universal_weak_gain_over_null,,,,,0.0,0.0
dist_to_prev_week_low_bps_fut_eth,primary,feature_importance_round_1,universal_weak_gain_over_null,,,,,0.0,0.0
dist_to_week_high_bps_fut_eth,primary,feature_importance_round_1,universal_weak_gain_over_null,,,,,0.0,0.0
dist_to_week_low_bps_fut_eth,primary,feature_importance_round_1,universal_weak_gain_over_null,,,,,0.0,0.0
dist_to_week_open_bps_fut_eth,primary,feature_importance_round_1,universal_weak_gain_over_null,,,,,0.0,0.0
l2_update_count_spot_5bps_1s_btc,primary,feature_importance_round_1,universal_weak_gain_over_null,,,,,0.0,0.0
l2_update_count_spot_5bps_1s_eth,primary,feature_importance_round_1,universal_weak_gain_over_null,,,,,0.0,0.0
l2_update_count_spot_5bps_5s_eth,primary,feature_importance_round_1,universal_weak_gain_over_null,,,,,0.0,0.0
mad_queue_pressure_spot_10bps_5s_eth,primary,feature_importance_round_1,universal_weak_gain_over_null,,,,,0.0084208162403768,0.0452796809678265
median_vacuum_score_spot_5bps_5s_btc,primary,feature_importance_round_1,universal_weak_gain_over_null,,,,,0.002639237635988,0.0090052688223189
monday_high_fut_eth,primary,feature_importance_round_1,universal_weak_gain_over_null,,,,,0.0,0.0
monday_low_fut_eth,primary,feature_importance_round_1,universal_weak_gain_over_null,,,,,0.0,0.0
month_high_fut_btc,primary,feature_importance_round_1,universal_weak_gain_over_null,,,,,0.0,0.0
month_high_fut_eth,primary,feature_importance_round_1,universal_weak_gain_over_null,,,,,0.0,0.0
month_low_fut_btc,primary,feature_importance_round_1,universal_weak_gain_over_null,,,,,0.0,0.0
month_low_fut_eth,primary,feature_importance_round_1,universal_weak_gain_over_null,,,,,0.0,0.0
month_open_fut_btc,primary,feature_importance_round_1,universal_weak_gain_over_null,,,,,0.0,0.0
month_open_fut_eth,primary,feature_importance_round_1,universal_weak_gain_over_null,,,,,0.0,0.0
month_range_bps_fut_btc,primary,feature_importance_round_1,universal_weak_gain_over_null,,,,,0.0,0.0
month_range_bps_fut_eth,primary,feature_importance_round_1,universal_weak_gain_over_null,,,,,0.0,0.0
net_add_spot_2bps_15s_eth,primary,feature_importance_round_1,universal_weak_gain_over_null,,,,,0.0,0.0
net_pressure_pct_rank_fut_2bps_5s_eth,primary,feature_importance_round_1,universal_weak_gain_over_null,,,,,0.0,0.0
net_pressure_shock_fut_10bps_15s_eth,primary,feature_importance_round_1,universal_weak_gain_over_null,,,,,0.0,0.0039964240643185
net_pressure_shock_spot_5bps_5s_eth,primary,feature_importance_round_1,universal_weak_gain_over_null,,,,,0.0,0.0
prev_month_high_fut_btc,primary,feature_importance_round_1,universal_weak_gain_over_null,,,,,0.0,0.0
prev_month_high_fut_eth,primary,feature_importance_round_1,universal_weak_gain_over_null,,,,,0.0,0.0
prev_month_low_fut_btc,primary,feature_importance_round_1,universal_weak_gain_over_null,,,,,0.0,0.0
prev_month_low_fut_eth,primary,feature_importance_round_1,universal_weak_gain_over_null,,,,,0.0,0.0
prev_week_high_fut_eth,primary,feature_importance_round_1,universal_weak_gain_over_null,,,,,0.0,0.0
prev_week_low_fut_eth,primary,feature_importance_round_1,universal_weak_gain_over_null,,,,,0.0,0.0
pull_rate_fut_1bps_persist_15s_btc,primary,feature_importance_round_1,universal_weak_gain_over_null,,,,,0.0,0.0
pull_rate_fut_1bps_persist_15s_eth,primary,feature_importance_round_1,universal_weak_gain_over_null,,,,,0.0,0.0
pull_rate_fut_2bps_persist_15s_btc,primary,feature_importance_round_1,universal_weak_gain_over_null,,,,,0.0,0.0
pull_rate_fut_2bps_persist_15s_eth,primary,feature_importance_round_1,universal_weak_gain_over_null,,,,,0.0,0.0
pull_rate_fut_2bps_persist_60s_btc,primary,feature_importance_round_1,universal_weak_gain_over_null,,,,,0.0,0.0
pull_rate_fut_2bps_persist_60s_eth,primary,feature_importance_round_1,universal_weak_gain_over_null,,,,,0.0,0.0
pull_rate_spot_1bps_persist_15s_btc,primary,feature_importance_round_1,universal_weak_gain_over_null,,,,,0.0,0.0
pull_rate_spot_1bps_persist_15s_eth,primary,feature_importance_round_1,universal_weak_gain_over_null,,,,,0.0,0.0
pull_rate_spot_2bps_persist_15s_btc,primary,feature_importance_round_1,universal_weak_gain_over_null,,,,,0.0,0.0
pull_rate_spot_2bps_persist_15s_eth,primary,feature_importance_round_1,universal_weak_gain_over_null,,,,,0.0,0.0
pull_rate_spot_2bps_persist_60s_btc,primary,feature_importance_round_1,universal_weak_gain_over_null,,,,,0.0,0.0
pull_rate_spot_2bps_persist_60s_eth,primary,feature_importance_round_1,universal_weak_gain_over_null,,,,,0.0,0.0
range_pos_month_fut_btc,primary,feature_importance_round_1,universal_weak_gain_over_null,,,,,0.0,0.0
range_pos_month_fut_eth,primary,feature_importance_round_1,universal_weak_gain_over_null,,,,,0.0,0.0
range_pos_week_fut_eth,primary,feature_importance_round_1,universal_weak_gain_over_null,,,,,0.0,0.0
reclaimed_week_open_300s_fut_btc,primary,feature_importance_round_1,universal_weak_gain_over_null,,,,,0.0,0.0
reclaimed_week_open_300s_fut_eth,primary,feature_importance_round_1,universal_weak_gain_over_null,,,,,0.0,0.0
reclaimed_week_open_900s_fut_eth,primary,feature_importance_round_1,universal_weak_gain_over_null,,,,,0.0,0.0
refill_rate_fut_1bps_persist_15s_btc,primary,feature_importance_round_1,universal_weak_gain_over_null,,,,,0.0,0.0
refill_rate_fut_1bps_persist_15s_eth,primary,feature_importance_round_1,universal_weak_gain_over_null,,,,,0.0,0.0
refill_rate_fut_2bps_persist_15s_btc,primary,feature_importance_round_1,universal_weak_gain_over_null,,,,,0.0,0.0
refill_rate_fut_2bps_persist_15s_eth,primary,feature_importance_round_1,universal_weak_gain_over_null,,,,,0.0,0.0
refill_rate_fut_2bps_persist_60s_btc,primary,feature_importance_round_1,universal_weak_gain_over_null,,,,,0.0,0.0
refill_rate_fut_2bps_persist_60s_eth,primary,feature_importance_round_1,universal_weak_gain_over_null,,,,,0.0,0.0
refill_rate_shock_fut_2bps_5s_btc,primary,feature_importance_round_1,universal_weak_gain_over_null,,,,,0.0,0.0005463095560592
refill_rate_spot_1bps_persist_15s_btc,primary,feature_importance_round_1,universal_weak_gain_over_null,,,,,0.0,0.0
refill_rate_spot_1bps_persist_15s_eth,primary,feature_importance_round_1,universal_weak_gain_over_null,,,,,0.0,0.0
refill_rate_spot_2bps_persist_15s_btc,primary,feature_importance_round_1,universal_weak_gain_over_null,,,,,0.0,0.0
refill_rate_spot_2bps_persist_15s_eth,primary,feature_importance_round_1,universal_weak_gain_over_null,,,,,0.0,0.0
refill_rate_spot_2bps_persist_60s_btc,primary,feature_importance_round_1,universal_weak_gain_over_null,,,,,0.0,0.0
refill_rate_spot_2bps_persist_60s_eth,primary,feature_importance_round_1,universal_weak_gain_over_null,,,,,0.0,0.0
refill_vs_pull_div_fut_minus_spot_1bps_15s_btc,primary,feature_importance_round_1,universal_weak_gain_over_null,,,,,0.0,0.0006160965861776
refill_vs_pull_div_fut_minus_spot_2bps_60s_btc,primary,feature_importance_round_1,universal_weak_gain_over_null,,,,,0.0,0.0
refill_vs_pull_fut_1bps_5s_eth,primary,feature_importance_round_1,universal_weak_gain_over_null,,,,,0.0,0.0
refill_vs_pull_spot_1bps_persist_15s_btc,primary,feature_importance_round_1,universal_weak_gain_over_null,,,,,0.0,0.0017259708271481
refill_vs_pull_spot_2bps_5s_btc,primary,feature_importance_round_1,universal_weak_gain_over_null,,,,,0.0,0.0
refill_vs_pull_spot_2bps_60s_btc,primary,feature_importance_round_1,universal_weak_gain_over_null,,,,,0.0,0.0
trade_absorption_ratio_fut_persist_60s_btc,primary,feature_importance_round_1,universal_weak_gain_over_null,,,,,0.0,0.0
trade_absorption_ratio_spot_persist_60s_btc,primary,feature_importance_round_1,universal_weak_gain_over_null,,,,,0.0,0.0
vacuum_score_shock_fut_10bps_5s_btc,primary,feature_importance_round_1,universal_weak_gain_over_null,,,,,0.0,0.0
vacuum_score_shock_fut_10bps_5s_eth,primary,feature_importance_round_1,universal_weak_gain_over_null,,,,,0.0,0.0
vacuum_score_shock_spot_5bps_15s_btc,primary,feature_importance_round_1,universal_weak_gain_over_null,,,,,0.0,0.0035819379462212
vacuum_score_shock_spot_5bps_5s_btc,primary,feature_importance_round_1,universal_weak_gain_over_null,,,,,0.0,7.8306424175e-06
week_high_fut_eth,primary,feature_importance_round_1,universal_weak_gain_over_null,,,,,0.0,0.0
week_low_fut_eth,primary,feature_importance_round_1,universal_weak_gain_over_null,,,,,0.0,0.0
week_open_fut_eth,primary,feature_importance_round_1,universal_weak_gain_over_null,,,,,0.0,0.0
week_range_bps_fut_eth,primary,feature_importance_round_1,universal_weak_gain_over_null,,,,,0.0,0.0
z_absorb_refill_bid_fut_5bps_1s_eth,primary,feature_importance_round_1,universal_weak_gain_over_null,,,,,0.0,0.0014853968949107
z_absorb_refill_bid_spot_10bps_1s_eth,primary,feature_importance_round_1,universal_weak_gain_over_null,,,,,0.0,0.0022264537878663
z_absorb_refill_bid_spot_5bps_1s_btc,primary,feature_importance_round_1,universal_weak_gain_over_null,,,,,0.0,0.0
z_depth_gradient_spot_struct100_1s_btc,primary,feature_importance_round_1,universal_weak_gain_over_null,,,,,0.000554544982481,0.0
z_depth_gradient_spot_struct50_1s_btc,primary,feature_importance_round_1,universal_weak_gain_over_null,,,,,0.0,0.0024113946141024
z_liq_imb_spot_struct100_1s_eth,primary,feature_importance_round_1,universal_weak_gain_over_null,,,,,0.0,0.0
z_pull_rate_fut_5bps_15s_eth,primary,feature_importance_round_1,universal_weak_gain_over_null,,,,,0.0019579880554829,0.0446273614006645
z_pull_rate_fut_5bps_5s_btc,primary,feature_importance_round_1,universal_weak_gain_over_null,,,,,0.003013767391068,0.0
z_pull_rate_spot_10bps_5s_eth,primary,feature_importance_round_1,universal_weak_gain_over_null,,,,,0.0,0.0
z_refill_rate_fut_2bps_5s_btc,primary,feature_importance_round_1,universal_weak_gain_over_null,,,,,0.0,0.0
z_refill_vs_pull_fut_1bps_15s_eth,primary,feature_importance_round_1,universal_weak_gain_over_null,,,,,0.0,0.0
z_refill_vs_pull_fut_2bps_60s_btc,primary,feature_importance_round_1,universal_weak_gain_over_null,,,,,0.0,0.0
z_refill_vs_pull_spot_1bps_15s_btc,primary,feature_importance_round_1,universal_weak_gain_over_null,,,,,0.0,0.0
z_refill_vs_pull_spot_2bps_60s_btc,primary,feature_importance_round_1,universal_weak_gain_over_null,,,,,0.0,0.0
z_refill_vs_pull_spot_2bps_60s_eth,primary,feature_importance_round_1,universal_weak_gain_over_null,,,,,0.0,0.0
add_rate_ask_spot_1bps_1s_eth,primary,feature_importance_round_2,universal_weak_gain_over_null,,,,,0.0,0.0
add_rate_ask_spot_2bps_1s_btc,primary,feature_importance_round_2,universal_weak_gain_over_null,,,,,0.0002043903034879,0.0
add_rate_bid_spot_1bps_1s_btc,primary,feature_importance_round_2,universal_weak_gain_over_null,,,,,0.0,0.0
broke_prev_week_high_300s_fut_btc,primary,feature_importance_round_2,universal_weak_gain_over_null,,,,,0.0,0.0
ca_net_pressure_shock_spot_5bps_spread_60s_btceth,primary,feature_importance_round_2,universal_weak_gain_over_null,,,,,0.0006874649585454,0.0005785709289052
cancel_rate_bid_fut_10bps_1s_btc,primary,feature_importance_round_2,universal_weak_gain_over_null,,,,,0.0,0.0
d1_net_pressure_spot_2bps_15s_eth,primary,feature_importance_round_2,universal_weak_gain_over_null,,,,,0.0,7.696615916454375e-05
d1_pull_rate_fut_5bps_15s_btc,primary,feature_importance_round_2,universal_weak_gain_over_null,,,,,0.0002070309118825,0.0029319957802513
d1_refill_rate_spot_5bps_5s_btc,primary,feature_importance_round_2,universal_weak_gain_over_null,,,,,0.0014297709865888,6.95239847599375e-05
d2_refill_rate_fut_1bps_15s_eth,primary,feature_importance_round_2,universal_weak_gain_over_null,,,,,0.0,0.0
d2_refill_rate_fut_5bps_5s_btc,primary,feature_importance_round_2,universal_weak_gain_over_null,,,,,0.0001593016783496,0.0044460012106358
l2_update_count_fut_5bps_1s_eth,primary,feature_importance_round_2,universal_weak_gain_over_null,,,,,0.0,0.0
net_add_robust_z_spot_2bps_60s_eth,primary,feature_importance_round_2,universal_weak_gain_over_null,,,,,0.0022161565603448,0.0062261517593636
net_cancel_spot_2bps_1s_btc,primary,feature_importance_round_2,universal_weak_gain_over_null,,,,,0.0,0.0
net_pressure_logratio_2bps_5bps_fut_60s_eth,primary,feature_importance_round_2,universal_weak_gain_over_null,,,,,0.0,0.0
net_pressure_logratio_5bps_10bps_fut_15s_eth,primary,feature_importance_round_2,universal_weak_gain_over_null,,,,,0.0,0.0004489415526618
net_pressure_logratio_5bps_10bps_fut_60s_eth,primary,feature_importance_round_2,universal_weak_gain_over_null,,,,,0.0,0.0
net_pressure_pct_rank_fut_5bps_5s_btc,primary,feature_importance_round_2,universal_weak_gain_over_null,,,,,0.0,0.0
net_pressure_robust_z_spot_5bps_60s_btc,primary,feature_importance_round_2,universal_weak_gain_over_null,,,,,0.0,0.0
net_pressure_shock_fut_10bps_5s_btc,primary,feature_importance_round_2,universal_weak_gain_over_null,,,,,0.0,0.0
net_pressure_shock_fut_5bps_5s_btc,primary,feature_importance_round_2,universal_weak_gain_over_null,,,,,0.0002427749829366,0.0
net_pressure_shock_spot_10bps_5s_eth,primary,feature_importance_round_2,universal_weak_gain_over_null,,,,,0.0,0.0
net_pressure_shock_spot_2bps_15s_eth,primary,feature_importance_round_2,universal_weak_gain_over_null,,,,,0.0004717217091486,0.0027158183995656
pull_rate_shock_spot_10bps_5s_eth,primary,feature_importance_round_2,universal_weak_gain_over_null,,,,,0.0010605507602202,0.0
pull_rate_shock_spot_5bps_5s_btc,primary,feature_importance_round_2,universal_weak_gain_over_null,,,,,0.0005549779335554,0.0003411071701459
refill_rate_shock_spot_10bps_5s_eth,primary,feature_importance_round_2,universal_weak_gain_over_null,,,,,0.0,0.0001000115371683
refill_vs_pull_fut_1bps_5s_btc,primary,feature_importance_round_2,universal_weak_gain_over_null,,,,,0.0,0.0018699393227338
refill_vs_pull_spot_1bps_5s_eth,primary,feature_importance_round_2,universal_weak_gain_over_null,,,,,0.0,0.0
trade_absorption_ratio_spot_persist_60s_eth,primary,feature_importance_round_2,universal_weak_gain_over_null,,,,,0.0,0.0001733969591783
z_book_asymmetry_spot_struct50_1s_eth,primary,feature_importance_round_2,universal_weak_gain_over_null,,,,,2.582225900663125e-05,0.0
z_impact_per_signed_fut_5s_btc,primary,feature_importance_round_2,universal_weak_gain_over_null,,,,,0.0005301985767199,0.0
z_liq_concentration_spot_struct50_1s_btc,primary,feature_importance_round_2,universal_weak_gain_over_null,,,,,0.0011103853108163,0.0
z_liq_imb_spot_struct100_1s_btc,primary,feature_importance_round_2,universal_weak_gain_over_null,,,,,0.0,0.0
z_pull_rate_fut_5bps_5s_eth,primary,feature_importance_round_2,universal_weak_gain_over_null,,,,,0.0,0.0
z_pull_rate_spot_5bps_5s_eth,primary,feature_importance_round_2,universal_weak_gain_over_null,,,,,0.0,0.0
z_refill_rate_fut_10bps_5s_btc,primary,feature_importance_round_2,universal_weak_gain_over_null,,,,,0.0,0.0
z_refill_rate_spot_10bps_5s_eth,primary,feature_importance_round_2,universal_weak_gain_over_null,,,,,0.0,0.0
z_refill_rate_spot_2bps_5s_eth,primary,feature_importance_round_2,universal_weak_gain_over_null,,,,,0.0,0.0
